CHEMBL203,CHEMBL1957,CHEMBL2842,CHEMBL614725,CHEMBL1955
0,0,0,0,1
0,0,0,0,0
1,0,0,0,0
0,0,0,0,0
0,0,0,0,0
0,0,1,0,0
0,0,0,0,0
0,0,0,0,0
0,0,1,0,0
0,0,1,0,0
0,0,0,0,0
0,0,0,0,0
0,1,0,0,0
0,0,1,0,0
0,0,0,0,0
0,0,0,0,0
0,0,0,0,0
1,0,0,0,0
0,0,1,0,0
1,0,0,0,0
1,0,0,0,0
0,0,0,0,0
0,0,0,1,0
0,1,0,0,0
0,0,0,0,1
0,0,1,0,0
1,0,0,0,0
0,1,0,0,0
0,0,0,0,0
0,0,1,0,0
1,0,0,0,0
0,0,0,0,0
0,0,0,0,1
1,0,0,0,0
0,0,1,0,0
1,0,0,0,0
0,0,0,0,0
1,0,0,0,0
0,0,0,0,0
0,0,0,0,0
0,0,1,0,0
0,0,0,0,0
0,0,0,0,0
0,0,0,0,0
0,0,0,0,0
0,1,0,0,0
0,0,0,0,0
1,0,0,0,0
0,0,0,0,0
0,0,1,0,0
0,0,0,0,0
0,0,0,0,0
0,0,1,0,0
0,0,0,1,0
0,0,0,0,0
0,0,0,0,0
0,1,0,0,0
0,0,0,0,0
0,0,0,0,0
0,0,1,0,0
0,0,0,0,0
0,0,0,0,0
0,0,1,0,0
0,0,0,1,0
0,1,0,0,0
1,0,0,0,0
0,0,1,0,0
0,0,0,0,0
0,1,0,0,0
0,0,0,0,0
0,0,0,0,0
0,0,0,0,0
0,0,1,0,0
0,1,0,0,0
1,0,0,0,0
0,0,0,0,0
0,0,0,0,0
1,0,0,0,0
0,0,1,0,0
0,0,1,0,0
1,0,0,0,0
1,0,0,0,0
0,0,0,0,0
1,0,0,0,0
0,1,0,0,0
0,0,0,1,0
0,0,0,0,0
1,0,0,0,0
0,0,0,0,0
0,1,0,0,0
1,0,0,0,0
0,0,0,0,0
0,0,0,0,0
0,0,0,0,1
0,0,0,1,0
1,0,0,0,0
0,0,0,0,0
0,0,0,0,0
0,1,0,0,0
0,0,0,0,0
0,1,0,0,0
0,0,0,0,0
0,0,0,0,0
0,1,0,0,0
0,0,1,0,0
1,0,0,0,0
0,0,0,0,0
0,0,0,0,0
1,0,0,0,0
0,0,1,0,0
0,1,0,0,0
1,0,0,0,0
0,0,0,0,0
0,0,0,0,0
0,0,0,0,0
1,0,0,0,0
1,0,0,0,0
1,0,0,0,0
0,0,0,0,0
1,0,0,0,0
1,0,0,0,0
0,0,0,0,0
1,0,0,0,0
0,0,0,1,0
0,0,1,0,0
0,0,0,0,0
1,0,0,0,0
0,1,0,0,0
0,0,0,0,0
0,0,1,0,0
0,0,0,0,0
1,0,0,0,0
1,0,0,0,0
0,0,0,0,0
0,0,0,0,0
0,0,0,0,0
0,0,0,0,0
0,0,0,0,0
1,0,0,0,0
0,1,0,0,0
0,0,0,0,0
0,0,0,0,0
1,0,0,0,0
0,0,0,0,0
1,0,0,0,0
0,0,0,1,0
0,0,0,0,0
0,0,1,0,0
0,0,1,0,0
0,0,0,0,0
0,0,0,0,0
1,0,0,0,0
0,0,0,0,0
0,0,0,0,0
0,0,0,0,0
0,0,0,0,0
0,0,1,0,0
0,0,0,0,0
0,0,0,0,0
0,0,1,0,0
0,0,0,0,0
0,0,0,0,0
0,0,0,0,0
0,0,0,1,0
0,0,1,0,0
0,0,0,0,0
0,0,0,0,0
1,0,0,0,0
0,0,0,0,0
0,0,0,0,0
0,0,0,0,0
0,1,0,0,0
0,0,1,0,0
1,0,0,0,0
0,0,0,0,0
0,0,0,0,0
0,0,1,0,0
1,0,0,0,0
1,0,0,0,0
0,0,0,0,0
1,0,0,0,0
0,0,0,0,0
0,0,0,0,0
0,0,1,0,0
0,0,0,1,0
0,0,0,0,0
1,0,0,0,0
0,0,0,0,0
0,0,0,1,0
0,0,0,0,0
0,0,1,0,0
0,0,0,0,0
0,0,0,0,0
0,1,0,0,0
0,0,0,0,0
0,0,0,0,0
0,0,1,0,0
0,0,0,0,0
0,0,0,0,0
0,0,0,0,0
1,0,0,0,0
0,0,1,0,0
0,1,0,0,0
0,0,1,0,0
0,0,0,0,0
0,0,0,0,0
1,0,0,0,0
0,0,0,0,0
1,0,0,0,0
1,0,0,0,0
1,0,0,0,0
1,0,0,0,0
0,0,0,0,0
0,0,0,0,0
0,0,0,0,0
0,0,0,1,0
0,0,0,0,0
0,0,0,0,1
0,0,0,0,0
0,0,0,0,0
0,0,0,0,0
0,0,0,0,0
0,0,0,1,0
1,0,0,0,0
0,0,0,0,0
1,0,0,0,0
1,0,0,0,0
0,1,0,0,0
0,1,0,0,0
0,0,1,0,0
0,1,0,0,0
0,0,0,0,1
1,0,0,0,0
0,0,0,0,1
0,0,0,0,0
0,0,0,0,0
0,0,1,0,0
0,1,0,0,0
0,0,0,0,0
1,0,0,0,0
0,0,0,0,1
1,0,0,0,0
1,0,0,0,0
1,0,0,0,0
0,0,0,0,0
1,0,0,0,0
0,0,0,0,0
0,0,0,1,0
0,0,0,0,1
0,0,0,0,0
0,0,0,0,0
0,0,0,0,0
0,0,0,0,0
0,0,1,0,0
0,0,0,1,0
0,0,1,0,0
0,0,0,1,0
1,0,0,0,0
1,0,0,0,0
0,0,1,0,0
0,0,0,0,0
0,0,0,0,0
1,0,0,0,0
0,0,0,0,0
1,0,0,0,0
0,0,1,0,0
0,0,0,0,0
1,0,0,0,0
0,1,0,0,0
0,0,0,1,0
0,0,0,1,0
0,0,1,0,0
0,0,0,0,0
0,0,0,0,0
0,0,0,0,0
1,0,0,0,0
0,0,0,0,0
0,0,0,0,0
0,0,0,0,0
0,0,0,0,0
0,0,0,0,1
0,0,0,0,0
1,0,0,0,0
0,0,0,0,0
0,0,0,0,0
0,0,0,0,0
0,0,0,0,0
0,0,0,0,0
1,0,0,0,0
0,0,1,0,0
1,0,0,0,0
1,0,0,0,0
0,1,0,0,0
0,0,0,0,0
0,0,0,0,0
0,0,0,0,0
0,0,0,0,0
1,0,0,0,0
1,0,0,0,0
1,0,0,0,0
0,0,0,0,0
1,0,0,0,0
0,0,0,0,0
0,0,0,0,0
0,0,0,0,0
0,1,0,0,0
0,0,1,0,0
0,0,0,0,0
0,0,1,0,0
1,0,0,0,0
0,0,1,0,0
1,0,0,0,0
0,0,0,0,0
1,0,0,0,0
0,1,0,0,0
1,0,0,0,0
1,0,0,0,0
0,0,0,0,1
1,0,0,0,0
0,0,1,0,0
1,0,0,0,0
0,0,0,0,0
0,0,0,1,0
1,0,0,0,0
1,0,0,0,0
0,0,0,0,0
0,0,0,0,0
0,0,0,0,0
0,0,1,0,0
0,0,0,0,0
1,0,0,0,0
0,1,0,0,0
0,0,0,1,0
0,0,0,0,0
0,1,0,0,0
0,0,0,0,1
0,0,0,0,0
0,0,1,0,0
0,0,0,0,0
0,0,0,0,0
0,0,0,0,0
0,0,0,0,0
0,0,0,0,0
0,0,0,0,0
0,0,0,0,0
1,0,0,0,0
0,0,0,0,0
0,0,1,0,0
0,0,1,0,0
1,0,0,0,0
0,0,0,0,0
0,0,0,1,0
0,0,0,0,0
1,0,0,0,0
0,1,0,0,0
0,0,0,0,0
1,0,0,0,0
0,0,0,0,0
0,0,1,0,0
1,0,0,0,0
0,0,0,0,0
1,0,0,0,0
0,0,0,0,0
0,0,1,0,0
0,0,1,0,0
1,0,0,0,0
1,0,0,0,0
0,0,0,0,0
0,0,0,0,0
1,0,0,0,0
1,0,0,0,0
1,0,0,0,0
0,0,0,0,0
1,0,0,0,0
0,0,0,0,0
1,0,0,0,0
0,0,1,0,0
0,0,1,0,0
0,0,1,0,0
0,0,0,0,0
0,0,1,0,0
0,0,0,0,0
0,0,0,1,0
0,0,0,0,0
0,1,0,0,0
1,0,0,0,0
0,0,0,0,1
0,0,0,0,0
0,0,0,0,0
0,0,0,0,0
0,0,0,0,0
0,0,0,0,0
0,0,0,0,0
0,0,0,0,0
0,0,0,0,1
0,0,1,0,0
0,0,1,0,0
0,0,0,0,0
0,0,0,1,0
0,0,0,0,0
0,0,1,0,0
0,0,1,0,0
0,0,0,0,0
0,0,0,1,0
0,0,0,0,0
1,0,0,0,0
0,0,0,0,0
1,0,0,0,0
0,0,0,0,0
0,0,0,0,0
0,1,0,0,0
0,0,0,0,0
0,0,1,0,0
0,0,0,0,0
0,0,0,0,0
1,0,0,0,0
1,0,0,0,0
0,0,0,0,0
0,1,0,0,0
0,0,0,0,0
0,0,0,0,0
0,0,0,0,0
1,0,0,0,0
0,0,0,0,0
0,0,0,0,0
1,0,0,0,0
0,0,1,0,0
0,0,1,0,0
0,0,0,0,0
0,0,0,0,0
0,0,0,1,0
0,0,0,0,0
0,1,0,0,0
0,0,0,0,0
1,0,0,0,0
0,0,0,0,0
0,1,0,0,0
0,1,0,0,0
0,0,0,0,0
0,0,0,0,0
0,0,1,0,0
0,0,0,0,0
0,0,1,0,0
0,0,1,0,0
0,0,0,0,0
0,0,0,0,0
1,0,0,0,0
0,0,0,0,1
0,0,0,0,0
0,0,0,0,0
0,0,0,0,0
0,0,0,0,0
1,0,0,0,0
1,0,0,0,0
0,0,0,0,0
0,0,0,0,0
0,1,0,0,0
1,0,0,0,0
0,0,0,0,0
1,0,0,0,0
0,0,0,0,0
0,0,0,1,0
0,0,0,1,0
0,0,1,0,0
0,0,0,0,1
0,0,0,0,0
0,0,0,1,0
0,0,1,0,0
0,0,1,0,0
0,0,0,0,0
0,1,0,0,0
0,0,0,0,0
0,1,0,0,0
0,0,0,0,0
0,0,0,0,0
0,0,0,1,0
0,0,0,0,0
0,0,0,0,1
1,0,0,0,0
0,0,1,0,0
0,0,0,1,0
1,0,0,0,0
0,0,0,1,0
0,0,1,0,0
0,0,0,0,0
0,0,0,0,0
1,0,0,0,0
0,0,1,0,0
1,0,0,0,0
0,0,0,0,0
0,1,0,0,0
0,0,0,0,0
0,1,0,0,0
0,0,0,0,0
0,0,0,0,0
0,0,0,0,0
0,1,0,0,0
1,0,0,0,0
1,0,0,0,0
0,0,1,0,0
1,0,0,0,0
0,0,0,0,0
0,0,0,0,0
1,0,0,0,0
1,0,0,0,0
0,0,0,1,0
0,0,0,0,0
0,1,0,0,0
0,0,0,0,0
0,1,0,0,0
0,0,1,0,0
0,0,0,0,0
1,0,0,0,0
0,0,0,1,0
0,0,0,0,0
0,0,0,0,0
1,0,0,0,0
1,0,0,0,0
0,0,0,0,0
0,0,0,0,0
0,0,0,1,0
0,1,0,0,0
0,0,0,0,0
1,0,0,0,0
0,0,0,0,0
1,0,0,0,0
0,1,0,0,0
0,0,1,0,0
0,0,0,1,0
0,0,0,0,1
1,0,0,0,0
0,0,0,0,0
0,0,1,0,0
0,0,0,0,0
0,0,0,0,0
0,0,0,0,0
0,0,0,0,0
1,0,0,0,0
0,1,0,0,0
0,0,0,0,0
0,0,0,0,0
0,0,0,0,0
1,0,0,0,0
0,0,0,0,0
0,0,1,0,0
0,0,0,0,0
0,0,0,0,0
0,0,0,0,0
0,0,0,0,0
0,0,1,0,0
0,0,0,0,0
0,0,0,0,0
0,0,1,0,0
1,0,0,0,0
0,0,0,0,0
1,0,0,0,0
0,0,0,1,0
1,0,0,0,0
0,1,0,0,0
0,0,0,0,0
0,0,0,0,0
0,0,0,0,0
0,1,0,0,0
0,0,0,0,0
0,0,1,0,0
1,0,0,0,0
0,0,0,0,0
0,0,0,0,0
0,0,0,0,0
1,0,0,0,0
1,0,0,0,0
0,0,0,0,0
0,0,0,0,0
1,0,0,0,0
1,0,0,0,0
0,0,1,0,0
1,0,0,0,0
0,0,1,0,0
0,0,0,0,0
1,0,0,0,0
0,0,0,0,0
0,0,0,0,0
0,0,0,0,0
1,0,0,0,0
0,0,0,0,0
0,0,0,0,0
0,0,1,0,0
0,0,0,0,0
0,0,0,0,0
0,0,0,1,0
0,0,1,0,0
1,0,0,0,0
1,0,0,0,0
0,0,0,0,0
0,0,0,0,0
1,0,0,0,0
1,0,0,0,0
1,0,0,0,0
0,0,0,0,1
0,0,0,0,0
0,0,1,0,0
0,0,0,1,0
1,0,0,0,0
1,0,0,0,0
0,0,0,0,0
0,0,0,0,0
0,1,0,0,0
0,0,0,0,0
0,0,0,0,0
0,0,1,0,0
0,0,0,0,0
0,0,0,0,0
0,0,0,0,0
0,0,1,0,0
0,1,0,0,0
0,0,0,0,0
0,0,0,0,0
0,0,0,0,1
0,0,0,1,0
1,0,0,0,0
1,0,0,0,0
0,0,0,1,0
0,0,0,0,0
1,0,0,0,0
0,0,0,0,0
1,0,0,0,0
0,0,0,0,0
0,0,0,0,0
1,0,0,0,0
0,0,0,1,0
0,0,0,1,0
0,0,0,0,0
0,1,0,0,0
1,0,0,0,0
0,0,0,0,0
1,0,0,0,0
1,0,0,0,0
0,0,0,0,0
0,0,0,0,0
0,0,0,0,0
1,0,0,0,0
0,1,0,0,0
0,0,0,0,0
0,0,0,0,0
1,0,0,0,0
0,0,0,0,0
1,0,0,0,0
0,0,0,0,0
0,0,0,0,0
1,0,0,0,0
0,0,0,0,0
0,0,0,0,0
0,0,0,0,0
0,0,0,1,0
0,0,0,0,0
0,0,0,0,0
0,1,0,0,0
0,0,0,0,0
0,0,0,0,0
0,0,0,0,0
0,0,0,0,0
0,0,1,0,0
0,0,0,0,0
1,0,0,0,0
1,0,0,0,0
0,1,0,0,0
1,0,0,0,0
0,0,0,0,0
1,0,0,0,0
0,0,0,1,0
0,0,0,0,1
0,0,0,1,0
1,0,0,0,0
0,0,0,0,0
0,0,0,0,0
0,0,0,0,0
0,0,0,0,0
0,0,1,0,0
0,0,0,0,1
1,0,0,0,0
1,0,0,0,0
0,0,0,0,0
0,0,0,0,0
0,0,0,0,0
0,1,0,0,0
0,0,0,0,0
0,0,0,0,0
0,0,0,0,0
1,0,0,0,0
0,0,1,0,0
0,0,0,0,0
0,0,0,0,0
0,0,0,0,0
0,0,0,0,0
1,0,0,0,0
0,0,0,0,0
0,0,1,0,0
1,0,0,0,0
0,0,1,0,0
0,1,0,0,0
1,0,0,0,0
1,0,0,0,0
0,0,0,0,0
1,0,0,0,0
0,1,0,0,0
0,0,0,0,0
0,0,0,0,0
0,0,0,0,0
0,0,1,0,0
0,0,0,0,0
0,0,1,0,0
0,0,0,0,0
0,0,1,0,0
0,0,0,0,0
0,0,1,0,0
0,1,0,0,0
0,1,0,0,0
0,0,0,0,0
1,0,0,0,0
0,0,1,0,0
0,0,0,0,0
0,0,0,0,0
0,0,0,0,0
0,0,0,0,0
1,0,0,0,0
1,0,0,0,0
1,0,0,0,0
1,0,0,0,0
0,0,0,0,0
0,1,0,0,0
0,0,0,1,0
0,0,0,0,0
0,0,0,1,0
0,0,1,0,0
0,0,0,1,0
0,1,0,0,0
0,0,0,0,0
0,0,1,0,0
0,0,1,0,0
0,0,0,0,0
0,0,0,0,0
0,0,0,0,0
0,0,0,0,0
0,0,1,0,0
0,0,0,0,0
0,0,0,0,0
0,0,0,0,0
1,0,0,0,0
0,1,0,0,0
0,0,0,0,0
0,0,1,0,0
0,0,0,0,0
0,0,0,0,0
1,0,0,0,0
0,0,0,0,0
1,0,0,0,0
0,0,0,0,0
1,0,0,0,0
0,0,0,0,0
0,0,0,0,0
0,0,1,0,0
0,0,0,1,0
0,0,0,0,0
0,0,0,0,0
1,0,0,0,0
1,0,0,0,0
0,0,0,0,0
1,0,0,0,0
0,0,0,0,0
0,0,1,0,0
1,0,0,0,0
1,0,0,0,0
1,0,0,0,0
0,0,0,0,0
1,0,0,0,0
0,0,0,0,1
0,0,0,0,0
1,0,0,0,0
0,0,0,0,0
0,0,0,0,0
1,0,0,0,0
0,0,0,0,0
0,1,0,0,0
0,0,0,0,0
0,0,0,0,0
0,0,0,0,0
1,0,0,0,0
0,0,0,0,0
0,0,0,0,0
1,0,0,0,0
1,0,0,0,0
0,0,0,0,0
0,0,0,0,0
0,0,1,0,0
0,0,1,0,0
0,0,1,0,0
0,1,0,0,0
1,0,0,0,0
0,0,0,0,0
0,0,0,0,0
0,0,0,0,0
0,0,0,0,0
1,0,0,0,0
0,0,0,0,0
0,0,0,0,0
0,0,0,0,0
0,0,0,0,0
0,0,0,0,0
1,0,0,0,0
0,0,0,0,0
0,0,0,0,0
0,0,0,0,0
0,0,0,0,0
0,0,1,0,0
1,0,0,0,0
0,0,0,0,0
0,1,0,0,0
0,0,0,1,0
1,0,0,0,0
0,0,0,0,0
0,0,1,0,0
0,0,0,0,0
0,1,0,0,0
0,0,0,0,0
0,0,0,0,0
1,0,0,0,0
0,0,0,1,0
0,0,0,0,0
1,0,0,0,0
0,0,0,0,0
0,0,0,0,0
1,0,0,0,0
1,0,0,0,0
0,0,0,0,0
0,0,0,0,0
1,0,0,0,0
0,0,0,0,0
0,0,1,0,0
0,0,0,0,0
0,0,0,0,0
0,0,0,0,0
0,0,0,0,0
0,0,0,0,0
0,0,0,0,0
1,0,0,0,0
0,0,1,0,0
1,0,0,0,0
0,0,0,0,0
1,0,0,0,0
1,0,0,0,0
1,0,0,0,0
0,0,0,0,0
1,0,0,0,0
0,1,0,0,0
1,0,0,0,0
0,0,0,0,0
0,0,0,0,0
1,0,0,0,0
1,0,0,0,0
1,0,0,0,0
0,0,0,0,0
0,0,1,0,0
0,0,1,0,0
0,0,0,0,0
0,0,0,0,0
0,0,0,0,0
0,0,0,1,0
0,0,0,0,0
0,0,1,0,0
0,0,0,0,0
0,0,1,0,0
0,0,0,0,0
0,0,0,0,0
0,1,0,0,0
0,0,0,0,0
0,0,0,0,0
0,0,0,1,0
0,1,0,0,0
0,0,0,1,0
0,0,0,0,0
0,0,0,0,0
1,0,0,0,0
0,0,0,0,0
0,0,0,0,0
0,0,0,0,0
0,0,0,0,0
1,0,0,0,0
0,0,0,0,1
1,0,0,0,0
0,0,0,1,0
0,0,0,0,0
0,0,0,0,0
1,0,0,0,0
0,0,1,0,0
0,0,0,0,0
0,0,0,0,0
0,0,0,0,0
0,0,0,0,0
1,0,0,0,0
0,0,0,0,0
0,1,0,0,0
0,1,0,0,0
0,0,0,0,0
1,0,0,0,0
1,0,0,0,0
0,0,0,0,0
0,0,0,0,0
0,0,0,0,0
1,0,0,0,0
0,0,0,0,0
0,0,1,0,0
0,0,0,0,0
0,0,1,0,0
0,0,0,0,0
0,1,0,0,0
0,0,0,0,0
0,0,0,0,0
0,0,0,0,0
0,0,0,0,0
1,0,0,0,0
0,1,0,0,0
0,1,0,0,0
0,0,1,0,0
0,0,1,0,0
1,0,0,0,0
0,1,0,0,0
0,0,0,0,0
0,0,0,0,0
0,0,1,0,0
0,0,0,0,0
0,0,0,0,0
0,0,0,0,0
0,0,0,0,0
0,0,0,0,0
0,0,1,0,0
0,0,1,0,0
0,0,0,0,0
0,0,0,0,0
0,0,0,1,0
0,0,0,0,0
0,0,0,0,0
0,1,0,0,0
0,0,0,0,0
0,0,0,0,0
0,0,0,1,0
0,0,0,0,0
0,0,0,0,0
0,0,0,0,0
0,0,0,1,0
0,0,0,0,0
1,0,0,0,0
0,0,0,0,0
0,0,1,0,0
1,0,0,0,0
1,0,0,0,0
0,0,0,1,0
1,0,0,0,0
1,0,0,0,0
0,0,1,0,0
0,0,0,0,0
0,0,0,0,0
1,0,0,0,0
0,0,0,0,0
1,0,0,0,0
0,0,1,0,0
1,0,0,0,0
0,0,0,0,0
0,0,0,0,0
0,1,0,0,0
0,0,0,1,0
0,0,0,0,0
0,1,0,0,0
0,0,0,0,1
0,0,0,0,0
0,0,0,0,1
0,0,0,0,0
0,0,0,0,0
1,0,0,0,0
1,0,0,0,0
0,0,0,0,0
0,0,0,1,0
0,1,0,0,0
0,0,1,0,0
0,0,1,0,0
0,0,0,0,0
1,0,0,0,0
0,0,1,0,0
0,0,0,0,0
0,0,0,0,0
0,1,0,0,0
0,0,1,0,0
0,0,0,0,0
0,0,0,0,0
1,0,0,0,0
0,0,0,0,0
0,0,0,0,0
0,1,0,0,0
0,0,0,0,0
0,0,0,0,0
0,1,0,0,0
1,0,0,0,0
0,0,0,0,0
0,0,0,1,0
0,0,0,0,0
0,0,1,0,0
0,0,1,0,0
0,0,0,0,0
0,0,0,0,0
1,0,0,0,0
0,0,0,0,0
0,0,1,0,0
1,0,0,0,0
0,0,0,0,0
0,0,0,0,0
0,0,0,0,0
0,1,0,0,0
0,0,0,0,0
0,0,0,0,0
0,0,0,0,0
0,0,0,0,0
0,1,0,0,0
0,0,0,0,0
0,0,0,0,0
0,0,0,0,0
0,0,0,1,0
0,0,0,1,0
0,0,0,0,0
0,1,0,0,0
0,0,0,0,0
1,0,0,0,0
1,0,0,0,0
0,0,0,0,0
0,0,0,0,0
0,0,0,0,0
0,0,0,0,0
0,0,0,0,0
0,0,0,1,0
0,0,0,1,0
0,0,0,0,0
0,0,1,0,0
0,0,0,0,0
1,0,0,0,0
0,0,0,0,0
0,0,0,0,0
0,1,0,0,0
0,0,0,0,0
0,0,0,1,0
1,0,0,0,0
0,0,0,0,0
0,0,0,0,0
0,0,0,0,1
0,0,0,0,0
0,0,0,0,0
0,0,0,0,0
1,0,0,0,0
0,0,0,0,0
1,0,0,0,0
1,0,0,0,0
1,0,0,0,0
0,0,0,0,0
0,0,0,0,0
0,0,0,0,0
0,0,0,0,0
0,0,0,1,0
0,0,1,0,0
0,0,0,0,0
0,0,0,0,0
1,0,0,0,0
0,0,0,0,0
0,0,0,0,0
0,0,0,0,0
0,0,0,0,0
0,0,0,0,0
0,0,0,0,0
0,0,0,0,0
1,0,0,0,0
0,0,0,0,0
0,0,0,0,0
0,0,1,0,0
0,0,1,0,0
1,0,0,0,0
0,0,0,0,0
0,0,0,0,0
1,0,0,0,0
0,0,0,0,0
1,0,0,0,0
0,0,0,1,0
0,1,0,0,0
0,0,1,0,0
0,0,1,0,0
0,0,0,0,0
0,0,0,0,0
0,0,0,0,0
1,0,0,0,0
0,0,0,0,0
0,0,0,0,1
0,0,1,0,0
0,0,1,0,0
0,0,0,0,0
1,0,0,0,0
1,0,0,0,0
0,0,0,0,0
0,0,0,0,0
0,0,0,0,0
0,0,0,1,0
1,0,0,0,0
0,0,0,0,0
0,0,1,0,0
0,0,0,0,0
0,0,1,0,0
0,1,0,0,0
1,0,0,0,0
0,0,0,1,0
0,0,0,0,0
1,0,0,0,0
0,0,0,0,0
0,0,0,0,1
0,0,1,0,0
0,0,1,0,0
0,0,0,0,0
0,1,0,0,0
0,0,0,0,0
1,0,0,0,0
0,0,1,0,0
0,0,0,0,0
0,0,0,1,0
0,0,1,0,0
0,0,0,0,0
0,0,1,0,0
1,0,0,0,0
0,0,1,0,0
0,0,0,0,0
0,0,1,0,0
1,0,0,0,0
0,0,0,0,0
0,0,0,0,0
0,0,0,0,0
1,0,0,0,0
0,0,0,0,0
0,1,0,0,0
0,0,0,0,0
0,0,1,0,0
0,0,0,0,0
0,0,0,0,0
0,0,0,0,0
0,0,0,0,0
0,0,0,0,0
0,0,0,0,1
0,1,0,0,0
0,0,0,1,0
0,0,0,0,0
0,0,0,0,0
0,0,0,0,0
0,1,0,0,0
0,0,1,0,0
0,0,0,0,0
0,0,0,0,0
0,0,0,1,0
0,0,1,0,0
0,0,0,0,0
0,0,0,0,1
1,0,0,0,0
0,0,0,0,0
1,0,0,0,0
0,0,0,0,0
0,0,0,0,0
0,0,0,0,0
0,0,0,0,0
0,1,0,0,0
0,0,0,0,0
0,0,1,0,0
0,0,0,0,0
0,0,0,0,0
0,0,0,0,1
0,0,0,0,0
0,0,0,0,0
1,0,0,0,0
0,0,0,1,0
0,0,0,1,0
0,1,0,0,0
1,0,0,0,0
0,0,0,0,0
0,0,0,0,0
0,0,0,0,0
0,0,0,1,0
1,0,0,0,0
1,0,0,0,0
0,0,0,0,0
0,0,0,0,0
0,0,0,0,0
0,0,0,0,0
0,0,0,0,0
0,0,0,0,0
1,0,0,0,0
0,0,1,0,0
0,1,0,0,0
0,0,0,0,0
0,0,0,1,0
0,0,0,0,0
0,0,0,0,1
1,0,0,0,0
0,0,0,0,0
1,0,0,0,0
1,0,0,0,0
0,1,0,0,0
0,0,0,0,0
1,0,0,0,0
0,0,0,0,0
0,0,0,0,0
1,0,0,0,0
0,1,0,0,0
1,0,0,0,0
0,0,0,0,0
0,0,0,0,0
0,0,0,0,0
0,0,1,0,0
0,0,0,0,0
0,0,0,0,0
1,0,0,0,0
1,0,0,0,0
0,0,1,0,0
0,0,0,1,0
0,0,0,0,0
0,0,0,0,0
1,0,0,0,0
1,0,0,0,0
0,0,0,0,0
0,0,0,0,0
0,0,0,0,0
0,0,1,0,0
0,0,0,1,0
1,0,0,0,0
0,0,0,0,0
1,0,0,0,0
0,0,0,0,0
1,0,0,0,0
0,0,0,0,0
1,0,0,0,0
0,0,1,0,0
0,0,0,0,0
0,0,1,0,0
0,0,1,0,0
0,1,0,0,0
1,0,0,0,0
0,0,1,0,0
0,0,0,0,0
0,0,0,0,1
0,0,1,0,0
1,0,0,0,0
0,1,0,0,0
0,0,0,0,0
1,0,0,0,0
1,0,0,0,0
0,0,0,0,0
0,0,0,0,0
0,0,0,1,0
0,0,0,0,0
0,1,0,0,0
0,1,0,0,0
1,0,0,0,0
1,0,0,0,0
0,0,0,1,0
0,0,0,0,0
0,0,0,0,0
0,0,0,0,0
0,0,1,0,0
0,0,0,0,0
0,0,0,0,0
0,0,0,0,0
1,0,0,0,0
0,0,0,0,0
0,0,0,1,0
1,0,0,0,0
0,1,0,0,0
0,0,1,0,0
1,0,0,0,0
0,0,0,0,0
0,0,0,0,0
0,0,0,0,0
1,0,0,0,0
0,1,0,0,0
0,0,0,1,0
0,0,0,0,0
1,0,0,0,0
0,0,1,0,0
0,0,0,0,0
0,0,0,0,0
1,0,0,0,0
1,0,0,0,0
0,0,0,0,0
0,0,0,0,0
1,0,0,0,0
0,0,0,1,0
1,0,0,0,0
0,0,0,0,0
0,0,0,0,0
0,0,0,0,0
0,0,0,0,0
0,1,0,0,0
0,0,1,0,0
0,0,0,0,0
0,0,0,0,0
1,0,0,0,0
0,0,0,0,1
0,0,0,0,0
1,0,0,0,0
0,0,0,0,0
1,0,0,0,0
0,0,0,0,0
0,0,0,0,0
0,0,0,0,0
0,0,0,0,0
1,0,0,0,0
1,0,0,0,0
0,0,0,0,0
0,0,0,0,0
1,0,0,0,0
0,0,0,0,1
0,0,0,0,1
0,1,0,0,0
0,0,0,0,0
0,0,0,0,0
1,0,0,0,0
0,0,0,0,0
0,0,0,0,0
1,0,0,0,0
0,1,0,0,0
0,0,0,0,0
0,0,0,0,0
1,0,0,0,0
0,0,0,0,0
0,1,0,0,0
0,0,1,0,0
0,0,0,0,0
0,0,0,0,0
1,0,0,0,0
0,0,0,0,0
0,0,0,1,0
1,0,0,0,0
0,0,0,0,0
1,0,0,0,0
0,0,0,0,0
0,0,0,0,0
0,0,0,0,0
0,0,0,1,0
0,0,0,0,0
0,1,0,0,0
0,0,0,0,0
1,0,0,0,0
1,0,0,0,0
0,0,0,1,0
1,0,0,0,0
0,0,0,0,0
0,1,0,0,0
0,0,0,0,0
0,0,0,0,0
1,0,0,0,0
0,0,1,0,0
0,0,1,0,0
1,0,0,0,0
0,0,0,0,0
0,0,0,0,0
0,0,0,0,0
0,0,0,0,0
0,1,0,0,0
0,0,0,0,0
0,0,1,0,0
0,0,0,0,0
0,0,0,0,0
0,0,0,0,0
0,1,0,0,0
0,0,0,0,0
1,0,0,0,0
1,0,0,0,0
0,0,0,0,0
0,0,0,0,0
0,0,0,0,0
1,0,0,0,0
0,0,0,0,0
0,0,0,0,0
1,0,0,0,0
0,0,0,0,0
1,0,0,0,0
0,0,0,0,0
0,0,0,0,0
0,0,0,0,0
0,1,0,0,0
0,0,0,0,0
0,0,1,0,0
0,0,1,0,0
1,0,0,0,0
0,1,0,0,0
1,0,0,0,0
1,0,0,0,0
0,0,0,0,0
0,0,0,0,0
0,0,0,0,0
0,0,0,0,0
0,0,0,0,0
0,0,0,0,0
0,0,0,1,0
0,0,0,0,0
0,0,0,0,0
0,0,1,0,0
0,0,1,0,0
0,1,0,0,0
0,0,0,0,0
0,0,0,0,0
0,0,0,1,0
0,0,1,0,0
0,0,1,0,0
0,1,0,0,0
0,0,0,0,0
0,0,0,0,0
0,0,0,0,0
0,1,0,0,0
1,0,0,1,0
0,0,0,0,0
0,0,0,0,0
0,0,0,0,0
0,1,0,0,0
1,0,0,0,0
0,0,1,0,0
0,0,0,0,0
0,1,0,0,0
0,0,0,0,1
0,0,1,0,0
0,0,0,0,0
0,1,0,0,0
0,0,0,0,0
1,0,0,0,0
0,0,0,0,0
1,0,0,0,0
0,0,0,0,1
0,0,0,0,0
1,0,0,0,0
1,0,0,0,0
0,1,0,0,0
0,0,0,0,0
0,0,0,1,0
0,0,1,0,0
0,0,1,0,0
0,0,0,0,0
0,1,0,0,0
0,0,0,0,0
0,0,0,0,0
0,0,0,0,0
0,0,0,0,0
0,0,1,0,0
1,0,0,0,0
0,0,0,0,0
1,0,0,0,0
1,0,0,0,0
0,0,0,0,0
0,0,0,0,0
1,0,0,0,0
0,0,0,0,0
0,0,1,0,0
0,0,0,0,0
0,0,0,0,0
0,0,0,1,0
1,0,0,0,0
1,0,0,0,0
1,0,0,0,0
0,0,0,1,0
1,0,0,0,0
0,0,0,1,0
0,0,1,0,0
0,0,0,0,0
0,0,0,0,0
0,0,0,0,0
0,0,0,0,0
1,0,0,0,0
0,0,1,0,0
0,0,0,0,0
0,0,0,0,0
0,0,0,0,0
0,0,0,0,0
0,0,1,0,0
0,0,0,0,0
0,0,0,0,0
0,0,0,1,0
0,0,1,0,0
0,0,0,0,0
0,1,0,0,0
1,0,0,0,0
0,0,0,0,0
1,0,0,0,0
1,0,0,0,0
0,0,0,0,0
0,0,1,0,0
1,0,0,0,0
0,0,0,0,0
0,0,0,0,0
0,0,1,0,0
0,0,0,0,0
0,0,1,0,0
1,0,0,0,0
0,0,0,0,0
0,0,0,0,0
0,0,1,0,0
0,0,0,0,0
0,0,0,0,0
1,0,0,0,0
0,0,0,0,0
0,0,0,0,0
0,0,1,0,0
0,0,0,1,0
0,0,1,0,0
0,0,0,0,0
1,0,0,0,0
0,1,0,0,0
0,0,0,0,0
0,0,0,0,0
0,0,0,0,0
0,0,0,0,0
0,0,0,0,0
0,0,0,0,0
0,0,0,0,0
1,0,0,0,0
0,0,0,0,0
0,0,0,1,0
1,0,0,0,0
0,0,1,0,0
1,0,0,0,0
0,0,0,0,0
0,0,0,0,0
1,0,0,0,0
0,0,0,0,0
0,1,0,0,0
0,0,0,0,0
1,0,0,0,0
0,0,0,0,0
0,0,1,0,0
0,1,0,0,0
0,0,0,1,0
0,0,1,0,0
0,0,0,0,0
0,0,1,0,0
0,0,0,1,0
0,0,0,1,0
0,0,0,0,0
0,0,0,0,0
0,0,0,0,0
0,0,0,1,0
0,1,0,0,0
0,0,0,0,0
0,1,0,0,0
0,0,1,0,0
1,0,0,0,0
0,0,1,0,0
0,0,0,0,0
0,0,0,0,0
0,0,0,0,0
0,0,0,0,0
0,0,0,0,0
0,0,0,0,0
0,0,0,1,0
0,1,0,0,0
0,0,0,0,0
0,0,0,0,0
1,0,0,0,0
0,0,0,1,0
0,0,0,0,0
1,0,0,0,0
0,0,0,0,0
1,0,0,0,0
1,0,0,0,0
0,0,0,0,0
0,0,0,0,0
0,0,1,0,0
1,0,0,0,0
0,0,0,0,0
0,0,0,0,0
0,1,0,0,0
0,0,0,0,0
0,0,0,0,0
0,1,0,0,0
0,0,0,0,0
0,0,1,0,0
0,0,0,0,0
1,0,0,0,0
0,0,0,0,0
0,0,0,0,0
1,0,0,0,0
0,0,0,0,0
0,1,0,0,0
0,0,0,0,0
0,0,0,0,0
0,0,0,0,0
0,0,0,1,0
0,0,0,0,0
1,0,0,0,0
0,0,0,1,0
0,0,0,1,0
0,1,0,0,0
1,0,0,0,0
0,0,0,0,0
0,0,0,0,0
0,1,0,0,0
0,0,0,0,0
0,0,1,0,0
0,0,1,0,0
0,0,0,0,0
0,0,0,0,0
0,0,1,0,0
1,0,0,0,0
0,0,1,0,0
0,0,1,0,0
0,0,1,0,0
0,1,0,0,0
0,0,1,0,0
0,0,1,0,0
0,0,0,0,0
0,0,0,1,0
1,0,0,0,0
0,0,0,0,0
0,0,0,0,0
0,0,0,0,0
1,0,0,0,0
1,0,0,0,0
0,0,1,0,0
1,0,0,0,0
0,0,0,1,0
0,0,0,0,0
0,0,0,1,0
1,0,0,0,0
0,0,0,1,0
0,0,0,0,1
1,0,0,0,0
0,1,0,0,0
0,0,1,0,0
0,0,0,1,0
1,0,0,0,0
0,0,0,0,1
0,0,0,0,0
1,0,0,0,0
0,0,0,1,0
0,0,0,0,0
1,0,0,0,0
0,0,1,0,0
1,0,0,0,0
0,0,0,0,0
0,0,0,1,0
0,0,0,0,0
0,0,0,0,0
0,1,0,0,0
0,0,0,0,0
1,0,0,0,0
0,0,1,0,0
0,0,0,1,0
0,0,0,0,0
1,0,0,0,0
0,0,0,0,0
0,0,0,0,0
1,0,0,0,0
0,0,0,0,0
0,0,0,0,0
0,0,0,0,0
0,1,0,0,0
0,0,1,0,0
0,0,0,0,0
0,1,0,0,0
0,0,0,0,0
0,0,0,0,0
1,0,0,0,0
1,0,0,0,0
0,0,0,0,0
1,0,0,0,0
0,0,1,0,0
1,0,0,0,0
0,0,0,0,0
0,0,0,0,0
0,0,0,0,0
1,0,0,0,0
0,0,0,0,0
1,0,0,0,0
0,1,0,0,0
0,0,0,0,0
0,0,0,0,0
0,0,0,0,0
0,0,0,0,0
0,0,1,0,0
0,0,1,0,0
1,0,0,0,0
0,0,1,0,0
0,0,0,0,0
0,0,0,0,0
0,0,0,0,0
0,0,0,0,0
0,0,0,0,0
0,0,0,0,0
1,0,0,0,0
0,0,0,0,0
0,0,0,0,0
0,1,0,0,0
0,0,0,0,0
0,1,0,0,0
0,0,0,1,0
0,0,1,0,0
1,0,0,0,0
0,1,0,0,0
0,0,0,0,0
0,0,0,0,0
1,1,0,0,1
0,0,0,0,0
0,0,1,0,0
1,0,0,0,0
0,0,0,0,0
0,0,0,0,0
0,0,0,0,0
0,0,0,0,0
1,0,0,0,0
1,0,0,0,0
0,0,1,0,0
0,0,0,1,0
0,1,0,0,0
0,0,0,0,0
1,0,0,0,0
0,0,0,0,0
0,1,0,0,0
0,0,0,0,0
0,0,0,0,0
0,0,0,0,0
1,0,0,0,0
0,1,0,0,0
0,1,0,0,0
1,0,0,0,0
0,0,0,0,0
0,0,1,0,0
1,0,0,0,0
0,0,0,0,0
1,0,0,0,0
0,0,0,0,0
0,0,0,0,1
0,0,0,0,0
0,0,1,0,0
0,0,1,0,0
1,0,0,0,0
0,0,0,1,0
0,0,0,0,0
0,0,0,0,0
0,0,0,1,0
1,0,0,0,0
0,0,0,0,0
0,1,0,0,0
0,0,1,0,0
1,0,0,0,0
0,1,0,0,0
0,0,0,0,0
1,0,0,0,0
0,0,0,0,0
0,0,0,0,0
0,0,0,0,0
0,0,1,0,0
0,0,0,0,0
0,0,1,0,0
0,0,0,1,0
0,0,0,0,0
1,0,0,0,0
0,0,0,0,0
0,0,0,0,0
0,0,0,0,0
0,0,1,0,0
0,0,0,0,0
0,0,1,0,0
0,0,0,0,0
0,0,1,0,0
0,0,0,1,0
1,0,0,0,0
0,0,0,0,0
1,0,0,0,0
0,1,0,0,0
0,0,1,0,0
0,0,0,0,0
0,0,0,0,0
0,0,1,0,0
0,0,0,0,0
0,0,0,0,0
0,0,0,0,0
0,0,0,1,0
1,1,0,0,1
0,0,0,0,0
0,0,0,0,0
1,0,0,0,0
1,0,0,0,0
0,0,0,0,0
0,0,0,0,0
1,0,0,0,0
0,0,0,0,0
1,0,0,0,0
0,0,0,0,0
1,0,0,0,0
0,0,0,0,0
0,0,0,0,0
0,0,1,0,0
0,0,0,0,0
0,0,0,1,0
0,0,0,0,0
0,0,0,0,0
0,0,0,0,0
0,1,0,0,0
1,0,0,0,0
0,0,0,0,0
0,0,0,0,0
1,0,0,0,0
0,0,0,0,0
1,0,0,0,0
0,0,0,0,0
0,0,0,1,0
0,0,0,0,0
0,1,0,0,0
0,0,0,0,0
0,0,0,0,0
0,0,0,0,0
0,0,0,0,0
0,0,0,0,0
0,0,0,0,0
0,0,0,0,0
0,0,0,0,0
1,0,0,0,0
0,0,0,0,0
0,1,0,0,0
0,0,0,0,0
0,0,0,0,0
0,0,1,0,0
1,0,0,0,0
0,0,0,0,0
0,0,0,0,0
0,0,0,0,1
0,0,0,1,0
0,0,0,0,0
0,0,0,1,0
1,0,0,0,0
0,1,0,0,0
0,0,1,0,0
1,0,0,0,0
1,0,0,0,0
0,0,0,0,0
1,0,0,0,0
1,0,0,0,0
0,0,1,0,0
0,0,0,0,0
1,0,0,0,0
0,0,0,0,0
0,0,0,0,0
1,0,0,0,0
0,0,0,0,0
1,0,0,0,0
0,0,0,0,0
0,0,0,0,0
0,0,0,0,0
0,0,0,0,0
0,0,0,0,0
0,0,0,0,0
0,0,0,0,0
0,0,0,0,0
1,0,0,0,0
0,0,0,0,0
0,0,0,0,0
1,0,0,0,0
0,0,0,0,0
1,0,0,0,0
0,1,0,0,0
0,0,0,0,0
0,0,0,0,0
1,0,0,0,0
1,0,0,0,0
0,0,0,0,1
0,0,0,0,0
1,0,0,0,0
0,0,0,0,0
0,0,0,0,0
0,0,0,0,0
0,0,0,0,0
0,0,0,1,0
0,0,0,0,1
1,0,0,0,0
1,0,0,0,0
0,0,0,0,0
0,0,0,0,0
1,0,0,0,0
0,0,0,0,0
0,0,0,0,0
0,0,0,0,0
0,0,0,0,0
0,0,0,0,0
0,0,0,0,0
0,1,0,0,0
1,0,0,0,0
1,0,0,0,0
0,0,0,0,0
1,0,0,0,0
0,0,0,1,0
0,0,0,0,0
1,0,0,0,0
0,0,0,0,0
0,0,0,0,0
1,0,0,0,0
0,1,0,0,0
0,0,0,0,0
0,0,0,0,0
0,0,0,0,0
0,0,1,0,0
1,0,0,0,0
0,0,1,0,0
1,0,0,0,0
0,0,0,0,0
0,0,0,0,0
1,0,0,0,0
0,0,0,0,0
0,0,0,0,0
0,0,0,0,0
0,0,0,1,0
1,0,0,0,0
0,0,0,0,0
0,0,1,0,0
0,0,0,0,0
0,0,0,0,0
0,0,0,0,0
1,0,0,0,0
1,0,0,0,0
0,0,1,0,0
0,0,0,0,0
0,0,0,0,0
0,0,0,0,1
1,0,0,0,0
0,0,0,1,0
0,1,0,0,0
0,0,0,0,0
0,0,1,0,0
0,0,0,0,0
0,0,1,0,0
0,0,0,0,0
1,0,0,0,0
0,0,0,0,0
0,0,0,0,0
0,0,0,0,0
0,0,0,0,0
0,1,0,0,0
0,0,0,0,0
0,0,1,0,0
0,0,0,0,0
0,0,0,0,0
0,0,0,1,0
0,0,0,0,0
0,0,1,0,0
0,0,0,0,0
0,0,0,0,0
1,0,0,0,0
0,0,0,0,0
1,0,0,0,0
0,0,0,0,0
0,1,0,0,0
1,0,0,0,0
0,0,0,0,0
0,0,0,0,1
0,0,1,0,0
1,0,0,0,0
0,0,0,0,0
1,0,0,0,0
0,0,0,0,0
0,1,0,0,0
1,0,0,0,0
0,0,0,1,0
0,1,0,0,0
0,0,0,0,0
0,0,0,1,0
1,0,0,0,0
0,0,0,0,0
0,0,0,0,0
1,0,0,0,0
0,0,1,0,0
0,0,0,1,0
0,0,0,1,0
1,0,0,0,0
1,0,0,0,0
0,0,0,0,0
0,0,0,0,0
0,0,0,0,1
0,0,0,1,0
0,0,0,0,0
0,0,1,0,0
1,0,0,0,0
0,0,1,0,0
1,0,0,0,0
0,0,0,0,0
1,0,0,0,0
0,0,0,0,0
1,0,0,0,0
0,0,1,0,0
0,0,0,0,0
0,0,0,0,0
1,0,0,0,0
0,0,0,0,0
0,0,0,0,0
1,0,0,0,0
0,0,0,0,0
1,0,0,0,0
0,0,0,0,0
0,0,0,0,0
0,0,0,1,0
0,0,0,0,0
0,0,0,1,0
0,0,0,0,0
0,0,0,0,0
0,0,0,0,0
1,0,0,0,0
0,0,0,0,0
0,0,0,1,0
0,0,0,0,0
1,0,0,0,0
0,0,0,0,0
0,0,0,0,0
0,0,0,0,0
0,0,0,0,0
0,0,1,0,0
0,0,1,0,0
0,0,0,0,0
0,0,1,0,0
0,0,0,0,0
0,0,0,0,0
0,0,0,0,0
0,0,0,0,0
0,0,0,0,0
0,0,0,0,0
0,0,0,0,0
1,0,0,0,0
0,0,0,0,0
0,1,0,0,0
1,0,0,0,0
0,0,0,0,1
0,0,0,0,0
0,0,0,0,0
0,0,0,0,0
0,1,0,0,0
0,0,1,0,0
0,0,1,0,0
1,0,0,0,0
0,1,0,0,0
0,0,0,0,0
0,0,0,0,0
0,0,0,0,0
0,0,0,0,0
0,0,0,0,0
0,0,0,1,0
0,0,0,0,0
1,0,0,0,0
0,0,0,0,0
1,0,0,0,0
1,0,0,0,0
1,0,0,0,0
0,0,0,0,0
0,0,1,0,0
0,0,0,0,0
0,0,1,0,0
0,0,0,0,0
0,0,0,0,0
0,0,0,0,0
0,0,0,0,0
0,0,0,0,0
0,0,1,0,0
1,0,0,0,0
0,0,0,1,0
0,1,0,0,0
0,0,0,0,0
0,0,0,0,0
0,0,1,0,0
0,0,0,0,0
0,0,0,1,0
0,0,0,0,0
0,0,0,0,0
0,0,0,0,0
0,0,0,0,0
0,0,0,0,0
0,1,0,0,0
0,0,1,0,0
0,0,0,0,0
1,0,0,0,0
0,0,0,0,0
1,0,0,0,0
0,0,0,0,0
0,0,0,1,0
0,0,0,0,0
1,0,0,0,0
0,0,0,0,0
0,0,0,1,0
0,0,0,0,0
0,0,0,0,0
1,0,0,0,0
0,0,0,0,0
0,0,0,0,0
0,0,0,0,0
0,0,1,0,0
1,0,0,0,0
1,0,0,0,0
0,0,0,0,0
0,0,0,0,0
0,0,0,0,0
0,1,0,0,0
0,0,0,0,0
1,0,0,0,0
0,0,0,0,0
0,0,0,0,0
1,0,0,0,0
1,0,0,0,0
1,0,0,0,0
0,1,0,0,0
0,0,1,0,0
0,0,0,0,0
0,0,0,0,0
1,0,0,0,0
1,0,0,0,0
0,0,0,0,0
0,1,0,0,0
0,0,0,0,1
1,0,0,0,0
0,0,0,0,0
1,0,0,0,0
0,0,0,0,0
1,0,0,0,0
0,0,0,0,0
0,0,1,0,0
0,0,0,1,0
0,0,0,1,0
0,0,0,0,0
0,0,1,0,0
0,0,0,0,0
0,0,0,0,0
0,0,1,0,0
0,0,0,0,0
0,0,0,1,0
0,0,0,0,0
0,0,0,0,0
0,0,0,1,0
0,0,1,1,0
0,0,1,0,0
0,0,0,0,0
1,0,0,0,0
1,0,0,0,0
0,0,1,0,0
1,0,0,0,0
0,0,0,0,0
0,0,0,0,1
0,0,1,0,0
0,0,0,0,0
0,0,0,0,0
0,0,0,0,0
0,0,0,0,0
0,0,0,0,0
1,0,0,0,0
0,0,0,0,0
0,0,0,0,0
0,0,0,0,0
0,0,1,0,0
0,1,0,0,0
0,0,0,0,0
0,0,0,0,0
0,0,1,0,0
0,0,1,0,0
0,0,0,0,0
0,0,0,0,0
0,0,0,0,0
0,0,1,0,0
0,0,1,0,0
0,0,0,0,0
1,0,0,0,0
0,0,0,0,0
0,0,0,0,0
0,0,0,0,0
0,0,1,0,0
0,0,1,0,0
0,0,0,0,0
0,0,0,0,0
0,0,0,0,0
0,0,0,0,0
1,0,0,0,0
0,0,0,0,0
0,0,0,0,0
0,0,0,0,0
0,0,1,0,0
1,0,0,0,0
0,0,0,0,0
0,0,0,0,0
0,1,0,0,0
0,0,0,0,0
1,0,0,0,0
0,0,0,0,0
0,0,0,0,0
0,0,1,0,0
1,0,0,0,0
1,0,0,0,0
0,0,1,0,0
0,0,0,0,0
0,0,0,1,0
0,0,0,0,0
1,0,0,0,0
0,0,0,0,0
0,1,0,0,0
0,0,0,0,0
0,1,0,0,0
0,0,1,0,0
0,0,0,0,0
0,0,0,1,0
0,0,0,0,0
1,0,0,0,0
0,0,0,0,0
0,0,1,0,0
0,0,0,0,0
0,0,1,0,0
0,0,0,0,1
0,0,0,0,0
0,0,0,0,0
1,0,0,0,0
0,0,0,0,0
1,0,0,0,0
0,0,0,0,0
0,0,0,0,0
0,0,0,0,0
0,0,0,0,0
0,0,0,0,0
0,1,0,0,0
0,0,0,0,0
0,0,0,0,0
0,0,0,0,0
0,0,0,0,0
1,0,0,0,0
0,0,0,0,0
0,0,0,0,0
0,0,1,0,0
0,0,1,0,0
0,0,0,0,0
0,0,0,0,0
0,0,0,0,0
0,0,0,0,0
0,1,0,0,0
0,1,0,0,0
0,0,0,0,0
0,0,0,0,0
0,0,0,0,0
0,0,1,0,0
1,0,0,0,0
1,0,0,0,0
1,0,0,0,0
1,0,0,0,0
1,0,0,0,0
0,1,0,0,0
0,1,0,0,0
1,0,0,0,0
1,0,0,0,0
1,0,0,0,0
1,0,0,0,0
0,0,0,0,0
0,0,1,0,0
1,0,0,0,0
0,0,0,0,0
1,0,0,0,0
0,0,1,0,0
0,0,0,0,0
1,0,0,0,0
0,0,0,0,0
0,1,0,0,0
0,0,0,0,0
0,0,0,1,0
1,0,0,0,0
0,0,0,0,0
1,0,0,0,0
0,1,0,0,0
0,0,0,1,0
0,0,0,0,0
0,0,0,0,0
0,0,0,0,0
0,0,0,0,0
1,0,0,0,0
1,0,0,0,0
1,0,0,0,0
0,0,0,0,0
0,0,0,0,0
0,0,0,0,0
0,0,0,0,0
0,0,1,0,0
1,0,0,0,0
0,0,0,0,0
0,0,0,0,0
1,0,0,0,0
1,0,0,0,0
1,0,0,0,0
0,0,0,0,0
0,0,0,1,0
1,0,0,0,1
0,0,0,1,0
0,0,0,0,0
0,0,0,1,0
0,0,1,0,0
0,0,0,0,0
0,0,0,0,0
0,1,0,0,0
0,0,0,0,0
0,0,0,0,0
1,0,0,0,0
0,0,0,0,0
0,1,0,0,0
0,0,0,0,0
0,0,0,0,0
0,0,0,0,0
0,0,0,1,0
0,0,0,0,0
1,0,0,0,0
0,1,0,0,0
1,0,0,0,0
0,0,0,0,0
0,0,0,0,0
0,0,0,1,0
0,0,0,0,0
0,0,0,0,0
0,0,0,1,0
0,0,0,0,0
1,0,0,0,0
0,1,0,0,0
0,0,0,0,1
0,0,0,0,0
0,0,0,0,0
0,0,0,0,0
0,0,0,0,0
0,0,0,0,0
0,0,1,0,0
0,0,0,0,0
0,0,0,0,0
0,0,1,0,0
0,0,0,0,0
0,0,0,0,0
0,0,0,0,0
0,1,0,0,0
0,0,1,0,0
0,0,0,0,0
1,0,0,0,0
1,0,0,0,0
0,0,0,1,0
0,0,0,0,0
0,0,0,0,0
0,0,0,1,0
0,0,0,1,0
0,0,0,0,0
0,0,0,0,0
0,0,0,0,0
0,0,1,0,0
1,0,0,0,0
1,0,0,0,0
1,0,0,0,0
0,1,0,0,0
0,0,0,0,0
0,0,1,0,0
0,0,0,0,0
0,0,0,0,0
0,0,0,0,0
0,0,0,1,0
0,0,0,1,0
0,0,0,0,0
0,0,0,1,0
0,0,0,0,0
1,0,0,0,0
0,0,0,0,0
0,0,0,0,0
1,0,0,0,0
0,0,0,0,0
0,1,0,0,0
1,0,0,0,0
0,0,0,1,0
0,0,0,0,0
0,0,0,0,0
0,0,0,1,0
0,0,0,0,0
0,0,0,0,0
0,0,0,0,0
0,0,0,0,0
0,0,0,0,0
0,1,0,0,0
0,0,0,0,0
1,0,0,0,0
0,0,0,0,0
0,0,0,0,0
0,0,0,0,0
0,1,0,0,0
0,0,0,0,0
0,0,1,0,0
0,0,1,1,0
0,0,0,0,0
0,0,0,0,0
0,0,0,1,0
0,0,0,0,0
0,0,0,0,0
0,0,0,0,0
0,0,0,1,0
0,0,1,0,0
1,0,0,0,0
0,0,0,0,0
0,0,0,0,0
1,0,0,0,0
0,0,0,0,0
0,0,1,0,0
0,0,1,0,0
0,0,0,0,0
1,0,0,0,0
0,0,0,0,0
1,0,0,0,0
0,0,0,0,0
0,0,0,0,0
0,0,0,0,0
1,0,0,0,0
0,0,0,0,0
1,0,0,0,0
1,0,0,0,0
1,0,0,0,0
0,0,0,0,0
0,0,0,0,0
1,0,0,0,0
0,0,0,0,0
0,0,0,0,0
0,0,0,0,0
0,0,0,0,0
0,0,0,0,0
0,1,0,0,0
0,0,0,0,0
0,0,1,0,0
0,0,0,0,0
1,0,0,0,0
0,0,0,1,0
0,0,0,0,0
1,0,0,0,0
0,0,0,0,0
0,1,0,0,0
0,0,0,0,0
0,0,1,0,0
0,0,0,0,0
0,0,0,0,0
1,0,0,0,0
0,0,0,0,0
1,0,0,0,0
0,0,0,0,0
1,0,0,0,0
1,0,0,0,0
0,1,0,0,0
0,0,0,1,0
0,0,0,0,0
0,0,0,0,0
1,0,0,0,0
0,0,0,0,0
0,0,0,0,0
1,0,0,0,0
0,0,0,1,0
0,1,0,0,0
1,0,0,0,0
0,0,0,0,0
0,0,1,0,0
0,0,0,0,0
0,0,0,0,0
0,0,0,0,0
0,0,0,0,0
1,0,0,0,0
0,0,0,0,0
0,0,0,0,0
1,0,0,0,0
0,0,0,1,0
1,0,0,0,0
0,0,0,0,0
1,0,0,0,0
1,0,0,0,0
1,0,0,0,0
0,0,0,0,0
0,0,0,0,0
0,0,1,0,0
0,0,0,0,0
0,0,0,0,0
0,0,0,1,0
0,0,0,0,0
0,1,0,0,0
0,0,0,1,0
1,0,0,0,0
0,0,0,0,0
0,0,0,0,0
0,0,0,0,0
0,0,1,0,0
1,0,0,0,0
0,0,0,0,0
0,0,0,0,0
0,0,0,0,0
1,0,0,0,0
0,0,0,0,0
0,0,0,0,0
0,0,0,0,0
1,0,0,0,0
0,0,0,0,1
0,0,0,0,0
1,0,0,0,0
1,0,0,0,0
1,0,0,0,0
0,0,0,1,0
1,0,0,0,0
0,0,0,0,0
0,0,0,0,0
0,0,0,0,0
0,0,0,0,0
0,0,0,0,0
0,0,0,0,0
1,0,0,0,0
0,1,0,0,0
0,0,0,0,0
1,0,0,0,0
0,0,0,0,0
0,0,0,0,1
0,0,0,0,0
0,0,0,0,0
0,0,1,0,0
0,0,0,0,0
0,0,0,0,0
1,0,0,0,1
0,1,0,0,0
0,0,1,0,0
0,0,0,0,0
0,1,0,0,0
0,0,0,0,0
0,1,0,0,0
0,0,1,0,0
0,1,0,0,0
1,0,0,0,0
1,0,0,0,0
0,1,0,0,0
1,0,0,0,0
0,0,0,0,0
0,0,0,1,0
0,0,0,0,0
1,0,0,0,0
1,0,0,0,0
1,0,0,0,0
1,0,0,0,0
1,0,0,0,0
0,0,0,0,0
0,0,0,0,0
1,0,0,0,0
0,0,0,0,0
0,0,0,0,0
0,0,0,0,0
0,0,0,0,0
0,0,0,1,0
0,1,0,0,0
0,0,0,0,0
0,0,1,0,0
0,0,1,0,0
0,1,0,0,0
1,0,0,0,0
1,0,0,0,0
1,0,0,0,0
0,0,0,0,0
0,0,0,0,0
0,1,0,0,0
1,0,0,0,0
0,0,0,0,0
0,0,0,0,0
1,0,0,0,0
0,0,0,1,0
0,0,1,0,0
0,0,1,0,0
0,0,0,0,0
0,1,0,0,0
0,0,1,0,0
0,0,0,0,0
0,0,0,0,0
0,1,0,0,0
0,0,0,0,0
1,0,0,0,0
0,1,0,0,0
0,0,1,0,0
0,0,0,0,0
0,0,0,0,0
0,0,0,0,0
0,0,0,0,0
1,0,0,0,0
0,0,0,0,0
0,0,0,0,0
0,0,1,0,0
1,0,0,0,0
1,0,0,0,0
0,0,1,0,0
1,0,0,0,0
1,0,0,0,0
0,1,0,0,0
0,0,0,1,0
0,0,0,0,0
0,1,0,0,0
0,1,0,0,0
1,0,0,0,0
1,0,0,0,0
0,0,1,0,0
0,0,1,0,0
0,0,0,0,0
0,0,0,0,0
0,0,1,0,0
0,0,0,1,0
0,0,0,1,0
0,0,0,0,0
1,0,0,0,0
0,0,0,0,0
0,0,1,0,0
0,0,0,0,0
1,0,0,0,0
0,0,0,1,0
0,0,0,0,0
0,0,1,0,0
0,0,1,0,0
0,0,0,0,0
0,0,0,0,0
0,0,0,1,0
1,0,0,0,0
1,0,0,0,0
0,0,0,0,0
0,0,0,0,0
0,1,0,0,0
0,0,0,1,0
0,0,0,0,0
0,0,0,0,0
0,0,1,0,0
0,0,0,0,0
0,0,0,0,0
0,0,0,0,0
0,0,0,0,0
0,0,0,0,0
0,0,0,0,0
1,0,0,0,0
1,0,0,0,0
0,0,0,0,0
1,0,0,0,0
0,0,0,0,0
0,0,0,0,0
0,0,0,0,0
0,0,0,0,0
1,0,0,0,0
0,1,0,0,0
0,1,0,0,0
0,0,1,0,0
0,0,0,0,0
0,0,1,0,0
0,0,0,1,0
0,0,1,0,0
0,1,0,0,0
1,0,0,0,0
0,0,0,0,0
1,0,0,0,0
0,0,1,0,0
0,0,0,0,0
0,0,0,0,0
0,0,0,0,0
0,0,0,0,0
0,0,0,0,0
0,0,0,0,0
0,0,0,0,0
0,0,0,0,0
0,0,1,0,0
1,0,0,0,0
0,0,0,0,0
0,0,0,0,0
0,0,0,0,0
1,0,0,0,0
0,0,0,0,0
0,1,0,0,0
1,0,0,0,0
0,0,0,0,0
0,0,0,0,0
0,0,0,0,0
0,0,1,0,0
0,1,0,0,0
0,0,0,0,0
0,0,0,0,0
1,0,0,0,0
1,0,0,0,0
0,0,0,1,0
0,0,0,0,0
0,0,0,0,0
1,0,0,0,0
1,0,0,0,0
0,0,1,0,0
0,0,0,0,0
1,0,0,0,0
0,0,1,0,0
0,0,0,1,0
1,0,0,0,0
0,0,0,0,0
0,0,1,0,0
1,0,0,0,0
0,0,0,0,0
0,1,0,0,0
1,0,0,0,0
0,0,1,0,0
0,0,0,0,0
0,0,0,0,0
0,0,0,0,0
0,0,0,0,0
0,0,0,0,0
1,0,0,0,0
0,0,0,0,0
0,0,0,1,0
1,0,0,0,0
1,0,0,0,0
0,0,1,0,0
0,0,1,0,0
0,0,1,0,0
0,0,0,0,0
0,0,0,1,0
0,0,0,1,0
0,0,1,0,0
0,0,0,0,0
0,1,0,0,0
0,0,1,0,0
0,0,0,0,0
0,1,0,0,0
0,0,1,0,0
1,0,0,0,0
0,0,0,0,0
0,0,1,0,0
1,0,0,0,0
0,0,0,1,0
0,0,0,0,0
0,0,0,0,0
0,0,0,0,0
0,0,0,0,0
0,0,0,0,0
0,0,0,0,0
0,0,0,0,0
0,0,0,0,0
1,0,0,0,0
0,0,0,0,0
0,0,0,0,0
0,0,0,0,0
0,0,1,0,0
1,0,0,0,0
0,0,0,0,0
0,0,0,0,0
0,0,0,0,0
0,0,0,0,0
0,0,0,1,0
0,0,0,0,0
0,0,0,0,0
0,0,0,0,0
0,0,0,0,0
0,0,0,0,0
0,0,0,0,0
0,0,1,0,0
1,0,0,0,0
0,0,0,0,0
0,0,1,0,0
0,0,0,0,0
1,0,0,0,0
0,1,0,0,0
1,0,0,0,0
0,0,0,1,0
0,0,0,0,0
1,0,0,0,0
0,0,0,1,0
0,0,0,1,0
0,0,1,0,0
0,0,0,0,0
0,0,0,0,0
0,0,0,0,0
0,0,0,0,0
1,0,0,0,0
0,0,0,0,0
0,0,0,0,0
0,0,0,0,0
0,0,0,0,0
0,0,0,0,0
0,0,0,0,0
0,0,0,0,0
0,0,1,0,0
0,1,0,0,0
0,0,0,0,0
0,0,1,0,0
0,0,0,0,0
0,0,0,0,0
0,0,0,0,0
0,0,0,0,0
0,0,0,0,0
0,0,0,0,0
0,0,0,0,0
0,0,0,0,0
0,1,0,0,0
0,0,0,0,1
1,0,0,0,0
0,1,0,0,0
0,0,0,0,0
1,0,0,0,0
0,0,0,1,0
0,0,0,0,0
0,0,0,1,0
0,0,0,0,0
1,0,0,0,0
1,0,0,0,0
0,0,1,0,0
0,0,0,0,0
0,0,0,0,0
1,0,0,0,0
0,0,1,0,0
0,0,0,0,0
0,0,0,0,0
0,1,0,0,0
0,0,0,0,0
0,0,0,1,0
0,0,0,0,0
1,0,0,0,0
0,0,0,0,0
1,0,0,0,0
0,1,0,0,0
0,0,0,0,0
0,0,0,0,0
1,0,0,0,0
0,0,0,0,0
1,0,0,0,0
0,0,0,0,0
0,0,1,0,0
0,0,1,0,0
0,0,1,0,0
0,0,0,0,0
0,0,0,0,0
0,0,0,0,0
1,0,0,0,0
0,0,0,1,0
0,0,0,0,0
0,0,1,0,0
0,0,0,0,0
0,0,1,0,0
0,0,0,0,0
0,0,0,0,0
0,0,0,0,0
1,0,0,0,0
0,1,0,0,0
0,0,0,0,0
0,0,0,0,0
0,0,0,0,0
0,0,0,0,0
1,0,0,0,0
0,0,1,0,0
0,0,0,0,0
0,0,0,0,0
0,0,1,0,0
1,0,0,0,0
0,0,0,0,0
0,0,0,0,0
1,0,0,0,0
0,0,0,1,0
1,0,0,0,0
0,0,0,0,0
1,0,0,0,0
1,0,0,0,0
1,0,0,0,0
0,0,1,0,0
0,0,0,0,0
0,0,0,0,0
0,0,0,0,0
0,0,0,1,0
0,1,0,0,0
0,0,0,0,0
0,0,0,0,0
0,0,0,0,0
0,0,0,0,0
0,0,0,0,0
1,0,0,0,0
1,0,0,0,0
0,0,0,0,0
0,1,0,0,0
0,0,0,0,0
0,0,0,1,0
1,0,0,0,0
1,0,0,0,0
0,0,0,0,0
0,0,1,0,0
0,0,0,0,0
0,0,0,1,0
0,0,0,0,0
0,0,0,1,0
0,1,0,0,0
0,0,0,0,0
0,0,1,0,0
0,0,0,1,0
0,0,1,0,0
0,0,0,0,0
0,0,0,0,0
0,1,0,0,0
1,0,0,0,0
0,0,0,0,0
1,0,0,0,0
0,0,0,1,0
0,0,1,0,0
0,0,0,0,0
1,0,0,0,0
0,0,0,0,0
0,0,0,0,0
0,0,0,0,0
0,1,0,0,0
0,0,0,0,0
0,0,1,0,0
1,0,0,0,0
0,0,0,0,0
1,0,0,0,0
0,0,0,0,0
0,0,0,0,0
0,0,0,0,0
0,0,0,1,0
0,0,0,0,0
0,1,0,0,0
0,0,1,0,0
0,0,0,0,0
0,0,0,0,0
0,0,0,0,0
1,0,0,0,0
0,0,0,0,0
0,0,0,0,0
0,1,0,0,0
0,0,0,0,0
0,0,1,0,0
0,0,0,1,0
0,0,0,1,0
0,0,1,0,0
0,0,1,0,0
0,0,0,0,0
0,1,0,0,0
1,0,0,0,0
0,0,0,1,0
0,0,0,0,0
1,0,0,0,0
0,0,0,0,0
1,0,0,0,0
0,0,0,0,0
1,0,0,0,0
0,0,0,0,0
0,0,1,0,0
0,0,1,0,0
0,0,1,0,0
0,0,0,0,0
1,0,0,0,0
0,1,0,0,0
1,0,0,0,0
0,0,0,0,0
0,1,0,0,0
0,0,0,0,0
1,0,0,0,0
0,0,1,0,0
0,0,0,0,0
0,0,0,0,0
0,0,0,0,0
0,0,0,1,0
0,0,1,0,0
0,0,1,0,0
0,1,0,0,0
0,0,0,0,0
1,0,0,0,0
1,1,0,0,1
0,0,0,0,0
0,0,0,0,0
0,0,0,0,0
0,1,0,0,0
0,1,0,0,0
0,0,0,0,0
0,1,0,0,0
1,0,0,0,0
1,0,0,0,0
0,0,1,0,0
0,0,0,1,0
0,0,0,0,0
0,0,0,0,0
0,0,0,0,0
0,0,0,0,0
1,0,0,0,0
0,0,0,0,0
0,0,0,0,0
0,1,0,0,0
0,1,0,0,0
0,0,0,0,0
1,0,0,0,0
0,0,0,0,0
0,0,0,0,0
0,0,0,0,0
1,0,0,0,0
0,0,0,0,0
0,0,0,0,0
1,0,0,0,0
0,0,0,1,0
1,0,0,0,0
0,0,1,0,0
0,0,0,0,0
0,0,1,0,0
1,0,0,0,0
0,0,0,0,0
0,1,0,0,0
0,0,0,1,0
0,0,0,1,0
0,0,0,0,0
0,0,0,0,0
1,0,0,0,0
0,1,0,0,0
0,0,1,0,0
0,0,1,0,0
1,0,0,0,0
0,0,0,0,0
0,0,0,0,0
0,0,0,0,0
0,0,0,0,0
0,0,0,0,0
0,0,0,1,0
0,0,0,0,0
0,0,0,0,0
0,0,0,0,0
0,0,0,0,0
0,0,1,0,0
0,0,0,0,0
0,0,0,1,0
0,0,0,0,0
1,0,0,0,0
0,0,0,0,0
0,1,0,0,0
1,0,0,0,0
0,0,0,0,0
1,0,0,0,0
1,0,0,0,0
0,0,0,0,0
0,1,0,1,0
0,0,0,0,0
0,0,0,0,0
0,0,0,0,0
0,0,0,0,0
1,0,0,0,0
0,0,0,0,0
0,0,0,0,0
1,0,0,0,0
0,0,0,1,0
0,0,0,0,0
0,0,0,0,0
0,0,0,0,0
0,0,1,0,0
0,0,0,0,0
0,0,1,0,0
0,0,1,0,0
0,0,0,0,0
0,0,0,1,0
1,0,0,0,0
0,0,0,0,0
1,0,0,0,0
0,0,0,0,0
0,0,1,0,0
0,0,0,0,0
0,0,0,0,0
0,0,0,0,0
0,0,0,0,0
1,0,0,0,0
0,0,1,0,0
0,0,1,0,0
0,1,0,0,0
1,0,0,0,0
1,0,0,0,0
0,0,0,0,0
0,0,1,0,0
0,0,1,0,0
0,0,0,0,0
0,0,1,0,0
0,0,0,1,0
1,0,0,0,0
1,0,0,0,0
0,0,0,0,0
0,0,0,0,0
0,0,0,0,0
0,0,0,0,0
0,0,0,0,0
0,0,0,0,0
0,1,0,0,0
0,0,0,0,1
0,0,0,0,0
0,0,0,1,0
0,0,1,0,0
1,0,0,0,0
0,0,0,0,0
0,0,0,0,1
0,0,0,0,0
0,1,0,0,0
0,0,0,0,1
1,0,0,0,0
0,0,0,0,0
0,0,0,1,0
0,0,1,0,0
0,0,0,0,0
0,0,0,0,0
0,0,0,0,0
0,0,0,0,0
0,0,0,0,0
1,0,0,0,0
0,1,0,0,0
0,0,0,1,0
1,0,0,0,0
0,1,0,0,0
0,0,0,0,0
1,0,0,0,0
0,1,0,0,0
1,0,0,0,0
0,0,0,0,0
1,0,0,0,0
0,0,0,0,0
0,0,0,0,0
0,0,0,0,0
0,0,0,0,0
1,0,0,0,0
0,0,1,0,0
1,0,0,0,0
0,0,0,0,0
1,0,0,0,0
1,0,0,0,0
0,0,0,0,0
1,0,0,0,0
0,0,0,0,0
0,0,0,0,0
0,0,0,0,0
0,0,0,0,0
0,0,0,0,0
0,0,1,0,0
0,0,0,0,0
0,0,0,0,0
1,0,0,0,0
0,0,0,1,0
0,0,0,0,0
0,0,0,0,0
1,0,0,0,0
0,0,0,0,0
0,1,0,0,0
0,1,0,0,0
1,0,0,0,0
0,0,0,0,0
0,0,1,0,0
0,0,0,0,0
0,0,0,0,0
1,0,0,0,0
0,0,0,0,0
1,0,0,0,0
0,0,0,0,0
0,0,0,0,0
1,0,0,0,0
0,0,0,0,0
0,0,0,0,0
0,1,0,0,0
1,0,0,0,0
0,0,0,0,0
0,0,0,0,0
1,0,0,0,0
0,1,0,0,0
0,0,0,0,0
0,0,0,0,0
0,1,0,0,0
0,1,0,0,0
1,0,0,0,0
0,0,0,0,0
0,0,0,0,0
0,0,0,0,0
0,0,0,0,0
1,0,0,0,0
0,0,0,0,0
1,0,0,0,0
0,0,0,0,0
0,0,0,0,0
0,0,0,0,0
1,0,0,0,0
1,0,0,0,0
1,0,0,0,0
0,1,0,0,0
0,1,0,0,0
0,0,0,1,0
0,0,0,0,0
0,0,1,0,0
1,0,0,0,0
0,0,0,0,0
0,0,0,0,0
0,0,0,0,0
0,0,0,0,0
0,0,0,1,0
0,1,0,0,0
1,0,0,0,0
1,0,0,0,0
0,0,0,0,0
1,0,0,0,0
0,0,0,0,0
0,0,0,0,0
0,0,0,0,0
0,0,0,0,0
0,0,0,0,0
1,0,0,0,0
0,0,1,0,0
0,1,0,0,0
1,0,0,0,0
1,0,0,0,0
1,0,0,0,0
0,0,0,0,0
0,0,1,0,0
0,0,0,1,0
0,0,0,0,0
0,0,0,0,0
0,0,1,0,0
0,0,0,0,0
0,0,0,0,0
0,0,0,0,0
0,0,0,0,0
0,0,0,0,0
0,0,0,0,0
0,0,0,0,0
0,0,0,1,0
0,1,0,0,0
1,0,0,0,0
1,0,0,0,0
0,0,0,0,0
0,0,0,0,0
0,0,0,0,0
0,0,0,0,0
0,0,0,0,0
0,0,0,1,0
0,0,0,0,0
0,0,1,0,0
0,0,0,0,0
0,0,1,0,0
1,0,0,0,0
0,0,0,0,0
0,0,1,0,0
1,0,0,0,0
0,0,1,0,0
0,0,0,0,0
0,0,1,0,0
1,0,0,0,0
1,0,0,0,0
0,0,0,0,0
0,0,0,0,0
0,0,0,0,0
0,0,0,0,0
0,0,0,0,0
1,0,0,0,0
0,0,0,0,0
0,0,0,0,0
1,0,0,0,0
0,0,1,0,0
0,0,0,0,0
1,0,0,0,0
0,0,0,0,0
0,0,0,1,0
0,0,0,0,1
0,0,0,0,1
1,0,0,0,0
0,0,0,0,0
0,0,1,0,0
0,0,1,0,0
0,0,0,1,0
0,0,1,0,0
0,0,0,0,0
0,0,0,0,0
0,0,0,0,0
0,0,0,1,0
0,1,0,0,0
0,0,0,0,0
0,1,0,0,0
0,0,0,0,0
1,0,0,0,0
0,0,0,0,0
1,0,0,0,0
1,0,0,0,0
0,0,0,0,0
0,0,0,0,0
0,0,1,0,0
0,1,0,0,0
0,0,0,0,1
0,0,0,0,0
0,0,0,0,1
0,0,1,0,0
1,0,0,0,0
0,0,0,0,0
0,0,0,0,0
0,1,0,0,0
0,0,0,0,0
0,0,0,0,0
1,0,0,0,0
0,0,1,0,0
0,0,0,0,0
1,0,0,0,0
1,0,0,0,0
0,0,0,0,0
0,0,0,0,0
0,0,0,0,0
0,1,0,0,0
0,0,1,0,0
0,0,0,1,0
0,1,0,0,0
0,0,0,0,0
0,0,1,0,0
1,0,0,0,0
0,0,0,0,0
1,0,0,0,0
0,0,0,0,0
0,0,0,0,0
0,0,0,0,0
0,0,0,0,0
0,0,1,0,0
0,0,0,0,0
0,0,0,0,0
0,0,0,0,0
0,0,0,0,0
0,0,0,0,0
0,0,0,0,0
1,0,0,0,0
1,0,0,0,0
0,0,0,0,0
0,0,0,0,0
0,0,0,0,0
0,0,1,0,0
0,0,0,1,0
0,0,0,0,0
0,0,0,1,0
0,1,0,0,0
1,0,0,0,0
0,0,1,0,0
1,0,0,0,0
1,0,0,0,0
0,0,0,0,0
0,0,0,0,0
0,1,0,0,0
0,0,0,0,0
1,0,0,0,0
0,0,0,0,0
0,0,0,0,1
0,0,0,0,0
0,0,0,1,0
0,1,0,0,0
0,0,1,0,0
0,1,0,0,0
0,0,0,0,0
0,0,0,0,0
0,0,0,0,0
0,0,1,0,0
0,0,0,1,0
0,0,0,1,0
0,0,0,0,0
0,0,0,0,0
0,0,0,1,0
1,0,0,0,0
0,0,1,0,0
0,0,0,0,0
0,0,0,0,0
0,0,0,0,0
0,0,0,1,0
0,0,1,0,0
1,0,0,0,0
1,0,0,0,0
1,0,0,0,0
0,0,0,0,0
0,0,0,0,0
0,0,0,0,0
1,0,0,0,0
0,0,0,0,0
0,0,0,1,0
0,1,0,0,0
0,0,0,0,0
0,0,0,0,0
0,0,0,0,0
0,0,1,0,0
1,0,0,0,0
1,0,0,0,0
0,0,0,0,0
0,0,0,0,0
0,1,0,0,0
0,0,0,0,0
0,1,0,0,0
0,0,0,0,0
0,0,0,0,0
0,0,0,0,0
1,0,0,0,0
1,0,0,0,0
0,0,0,0,0
1,0,0,0,0
0,0,0,0,0
0,0,1,0,0
0,0,0,0,0
0,0,0,0,1
0,0,0,0,0
0,0,0,0,0
0,0,0,0,0
0,0,0,0,0
0,0,0,0,0
0,1,0,0,0
0,0,1,0,0
0,0,0,0,0
0,0,0,0,0
0,0,0,0,0
1,0,0,0,0
0,0,0,0,0
0,0,1,0,0
0,0,0,1,0
0,0,0,0,0
0,0,0,0,0
0,0,0,0,0
0,0,0,0,0
0,1,0,0,0
0,0,0,0,0
0,0,0,0,0
0,0,0,0,0
0,1,0,0,0
1,0,0,0,0
0,0,0,0,0
0,0,1,0,0
0,0,0,0,0
1,0,0,0,0
0,0,0,1,0
1,0,0,0,0
0,0,1,0,0
0,0,0,0,0
1,0,0,0,0
1,0,0,0,0
1,0,0,0,0
0,0,0,0,0
1,0,0,0,0
1,0,0,0,0
0,0,0,0,0
0,0,0,0,0
1,0,0,0,0
1,0,0,0,0
0,0,0,0,0
0,0,0,0,0
1,0,0,0,0
0,0,0,0,1
0,0,1,0,0
0,0,0,1,0
0,0,0,0,0
0,0,0,0,0
0,0,0,0,0
0,0,0,1,0
0,0,0,0,0
0,0,1,0,0
0,0,0,0,0
0,0,0,0,0
0,0,0,0,0
1,0,0,0,0
0,0,0,0,0
0,0,0,0,0
1,0,0,0,0
0,0,0,0,1
0,0,0,0,0
0,0,0,0,0
0,0,0,1,0
0,1,0,0,0
0,0,0,0,0
0,0,0,1,0
0,1,0,0,0
0,0,0,0,0
0,0,1,0,0
1,0,0,0,0
0,0,1,0,0
0,0,0,0,0
0,0,0,0,0
0,0,1,0,0
0,0,0,0,0
0,0,1,0,0
0,0,1,0,0
0,0,0,0,0
0,0,0,0,0
1,0,0,0,0
0,0,0,0,0
0,0,0,0,0
0,1,0,0,0
0,1,0,0,0
0,0,1,0,0
1,0,0,0,0
0,0,0,0,0
0,0,0,0,0
0,0,0,0,0
0,0,0,1,0
0,0,0,0,0
1,0,0,0,0
1,0,0,0,0
0,0,1,0,0
0,0,0,0,0
0,0,0,0,0
0,0,0,0,0
0,0,0,0,0
0,0,0,0,0
0,0,0,0,0
0,0,0,0,0
1,0,0,0,0
0,0,1,0,0
0,0,0,0,0
0,0,0,0,0
0,0,1,0,0
0,0,0,1,0
0,0,0,0,0
1,0,0,0,0
0,0,0,0,0
0,1,0,0,0
0,0,0,0,0
0,0,0,0,0
0,0,0,0,0
1,0,0,0,0
0,1,0,0,0
0,0,0,0,0
1,0,0,0,0
0,0,0,0,0
0,0,0,0,1
0,1,0,0,0
0,0,1,0,0
1,0,0,0,0
0,0,0,0,0
0,0,0,0,0
0,1,0,0,0
0,0,0,0,0
1,0,0,0,0
0,1,0,0,0
0,0,0,0,0
0,0,1,0,0
0,0,1,0,0
0,0,0,0,0
0,0,0,0,0
1,0,0,0,0
1,0,0,0,0
0,0,1,0,0
0,0,0,0,0
0,0,1,0,0
0,0,1,0,0
0,0,0,0,0
0,0,0,0,0
1,0,0,0,0
1,0,0,0,0
1,0,0,0,0
1,0,0,0,0
0,0,0,0,0
1,0,0,0,0
0,1,0,0,0
0,1,0,0,0
0,0,1,0,0
1,0,0,0,0
0,0,0,0,0
0,0,0,0,0
0,0,0,0,0
1,0,0,0,0
0,0,0,0,0
0,0,0,0,0
0,0,0,0,0
0,0,0,0,0
0,0,0,0,0
0,0,0,0,0
0,0,0,0,0
0,0,0,1,0
0,0,0,0,0
0,0,0,0,0
0,0,0,0,0
1,0,0,0,0
0,1,0,0,0
0,0,0,0,0
0,0,0,0,0
0,0,1,0,0
0,0,0,0,0
0,0,0,0,0
0,0,0,0,0
1,0,0,0,0
0,0,0,0,0
1,0,0,0,0
0,0,1,0,0
0,0,0,0,0
0,1,0,0,0
1,0,0,0,0
0,0,0,0,0
0,0,0,0,0
1,0,0,0,0
1,0,0,0,0
0,0,0,0,0
1,0,0,0,0
1,0,0,0,0
1,0,0,0,0
0,0,0,1,0
0,0,0,0,0
0,0,0,0,0
1,0,0,0,0
0,0,1,0,0
0,0,0,0,0
0,0,1,0,0
0,1,0,0,0
1,0,0,0,0
1,0,0,0,0
1,0,0,0,0
0,0,0,0,0
0,0,0,0,0
0,1,0,0,0
0,0,0,0,1
0,0,0,0,0
1,0,0,0,0
0,0,0,0,0
1,0,0,0,0
0,0,0,0,0
0,1,0,0,0
0,0,0,0,0
0,0,0,0,0
0,0,0,1,0
1,0,0,0,0
0,0,0,0,0
1,0,0,0,0
0,0,0,0,1
0,0,0,0,0
0,0,1,0,0
0,0,0,1,0
0,1,0,0,0
1,0,0,0,0
0,0,0,0,0
0,0,1,0,0
1,0,0,0,0
0,0,0,0,1
1,0,0,0,0
0,0,0,0,0
0,0,0,1,0
0,0,0,1,0
1,0,0,0,0
0,0,0,0,0
1,0,0,0,0
1,0,0,0,0
0,1,0,0,0
0,0,0,0,0
0,0,1,0,0
0,0,0,0,0
0,0,0,0,0
0,0,0,0,0
0,0,0,0,0
0,0,0,0,0
1,0,0,0,0
0,0,0,0,0
0,0,0,0,0
1,0,0,0,0
0,0,0,1,0
0,1,0,0,0
0,0,0,0,0
0,0,0,0,0
0,0,0,0,0
1,0,0,0,0
0,0,0,0,0
0,0,0,0,1
0,0,0,0,0
0,0,0,0,0
0,0,0,0,0
0,0,0,0,0
0,0,1,0,0
1,0,0,0,0
0,0,0,0,0
0,0,0,0,0
0,0,0,0,0
0,1,0,0,0
0,0,0,0,0
0,0,0,0,0
0,1,0,0,0
0,0,0,0,0
1,0,0,0,0
1,0,0,0,0
0,0,0,0,0
0,0,0,0,0
0,0,0,0,0
1,0,0,0,0
0,0,1,0,0
1,0,0,0,0
0,0,0,1,0
0,0,1,0,0
0,0,0,0,0
1,0,0,0,0
0,1,0,0,0
0,0,0,1,0
0,0,0,0,0
1,0,0,0,0
0,0,0,1,0
1,0,0,0,0
0,0,0,0,0
0,0,0,0,0
1,0,0,0,0
0,0,0,0,0
1,0,0,0,0
1,0,0,0,0
0,0,0,1,0
0,0,0,0,0
0,0,0,0,1
0,0,0,0,0
0,0,0,0,0
0,0,0,0,1
0,0,0,0,0
0,0,0,0,0
1,0,0,0,0
0,0,0,0,0
0,0,1,0,0
0,0,0,0,0
0,0,0,0,0
0,0,0,0,0
1,0,0,0,0
0,0,0,0,0
0,0,0,0,0
0,0,0,0,0
0,0,0,0,0
0,0,0,0,0
0,1,0,0,0
0,0,0,0,0
0,0,0,0,0
0,0,0,0,0
0,0,0,0,0
0,0,0,0,1
0,0,0,0,0
0,0,0,0,0
0,0,0,1,0
0,0,0,0,0
1,0,0,0,0
0,0,0,0,0
0,0,0,0,0
1,0,0,0,0
0,0,1,0,0
1,0,0,0,0
1,0,0,0,0
0,0,1,0,0
0,1,0,0,0
0,0,0,0,0
0,1,0,0,0
0,0,1,0,0
0,0,0,0,0
0,0,0,0,0
1,0,0,0,0
1,0,0,0,0
0,0,0,0,0
0,0,1,0,0
0,0,0,0,0
1,0,0,0,0
0,0,0,0,0
1,0,0,0,0
0,1,0,0,0
1,0,0,1,1
0,0,1,0,0
0,0,0,0,0
1,0,0,0,0
1,0,0,0,0
0,0,0,0,1
0,0,0,0,0
0,0,0,0,0
0,0,1,0,0
1,0,0,0,0
0,0,1,0,0
0,0,0,0,0
0,1,0,0,0
1,0,0,0,0
0,0,0,0,0
0,0,0,0,0
0,0,0,0,0
0,0,0,0,0
0,0,0,0,1
0,1,0,0,0
1,0,0,0,0
0,0,0,0,1
0,0,0,0,0
0,0,1,0,0
0,0,0,0,0
1,0,0,0,0
0,0,0,0,0
1,0,0,0,0
0,0,1,0,0
1,0,0,0,0
0,0,0,0,0
0,0,0,0,0
0,0,0,0,0
1,0,0,0,0
1,0,0,0,0
0,0,0,1,0
1,0,0,0,0
0,0,0,0,0
0,0,0,0,1
0,0,0,0,0
0,1,0,0,0
0,1,0,0,0
0,0,1,0,0
0,0,0,0,0
0,0,0,0,0
0,0,0,0,0
0,0,0,0,0
0,0,0,0,0
1,0,0,0,0
0,0,0,0,0
0,0,1,0,0
0,0,0,0,0
1,0,0,0,0
0,0,0,0,0
0,0,0,0,0
0,0,0,0,0
0,0,0,0,0
0,0,0,0,0
0,0,1,0,0
0,0,0,0,0
0,0,1,0,0
1,0,0,0,0
0,0,0,0,0
0,0,0,0,0
0,0,0,0,0
0,0,0,0,0
0,0,0,0,0
1,0,0,0,0
1,0,0,0,0
0,0,0,0,0
0,0,0,0,0
1,0,0,0,0
0,1,0,0,0
0,0,1,0,0
0,0,0,0,0
0,0,0,0,0
1,0,0,0,0
1,0,0,0,0
0,0,1,0,0
0,0,0,0,0
0,1,0,0,0
1,0,0,0,0
0,1,0,0,0
1,0,0,0,0
0,0,0,0,0
0,0,0,0,0
1,0,0,0,0
0,0,0,0,0
0,1,0,0,0
0,0,0,0,0
0,0,0,1,0
0,0,1,0,0
1,0,0,0,0
0,0,1,0,0
0,0,1,0,0
0,0,1,0,0
1,0,0,0,0
1,0,0,0,0
1,0,0,0,0
0,0,0,0,0
0,0,0,0,0
0,0,0,0,0
1,0,0,0,0
0,0,0,0,0
0,0,1,0,0
0,1,0,0,0
0,0,0,0,0
0,0,0,0,0
0,0,0,0,0
0,0,1,0,0
1,0,0,0,0
0,1,0,0,0
0,0,0,0,0
0,0,1,0,0
0,0,0,0,0
0,0,0,0,0
1,0,0,0,0
1,0,0,0,0
1,0,0,0,0
0,0,0,1,0
0,0,0,0,0
0,0,0,0,0
0,0,0,0,0
1,0,0,0,0
0,0,1,0,0
1,0,0,0,0
0,0,0,1,0
1,0,0,0,0
1,0,0,0,0
0,0,0,0,0
0,0,0,0,0
1,0,0,0,0
0,0,1,0,0
0,0,0,0,0
0,1,0,0,0
0,0,0,0,0
0,0,0,0,0
0,0,0,0,0
1,0,0,0,0
0,0,0,0,1
0,0,0,0,0
0,0,0,0,0
0,0,1,0,0
0,0,1,0,0
0,0,0,0,0
0,0,0,0,0
0,0,0,0,0
0,0,0,0,0
0,0,0,0,0
1,0,0,0,0
0,0,0,1,0
0,0,0,0,0
0,0,1,0,0
0,0,1,0,0
0,0,0,0,0
0,0,1,0,0
0,0,0,0,0
0,0,1,0,0
1,0,0,0,0
0,0,0,0,0
0,0,0,0,0
0,0,0,1,0
0,0,0,0,0
0,0,0,0,0
0,0,0,0,0
0,0,0,1,0
0,0,0,0,0
0,0,0,0,0
0,0,1,0,0
0,1,0,0,0
0,0,0,0,0
1,0,0,0,0
0,0,0,1,0
0,0,0,0,0
0,0,0,0,0
0,0,0,0,0
0,0,0,0,0
1,0,0,0,0
0,0,0,1,0
1,0,0,0,0
0,1,0,0,0
0,0,0,1,0
0,0,0,0,0
0,0,0,0,0
0,0,0,0,0
0,0,1,0,0
0,0,0,0,0
0,0,0,1,0
0,0,0,0,0
1,0,0,0,0
0,0,1,0,0
0,0,0,1,0
0,0,0,1,0
0,0,0,1,0
0,0,0,0,0
0,0,1,0,0
0,0,0,0,0
0,0,0,0,0
0,0,0,0,0
0,0,0,0,0
0,0,0,0,0
0,0,1,0,0
0,0,1,0,0
0,1,0,0,0
0,0,0,0,0
0,0,0,0,0
0,0,0,0,0
0,0,1,0,0
0,0,1,0,0
0,0,0,0,0
0,0,0,0,1
0,0,0,0,0
0,0,0,0,0
1,0,0,0,0
0,0,1,0,0
0,0,1,0,0
1,0,0,0,0
1,0,0,0,0
0,0,0,0,0
0,0,0,1,0
0,0,0,0,0
0,0,1,0,0
0,1,0,0,0
0,0,0,0,0
0,0,0,0,0
0,0,0,0,0
1,0,0,0,0
1,0,0,0,0
0,0,0,0,0
0,1,0,0,0
0,0,0,0,0
0,0,0,0,0
0,0,0,0,0
0,0,0,1,0
1,0,0,0,0
0,0,0,0,0
0,0,0,1,0
1,0,0,0,0
0,1,0,0,0
0,0,0,0,1
0,1,0,0,0
1,0,0,0,0
0,0,0,0,0
0,0,0,0,0
0,0,0,0,0
0,1,0,0,0
0,0,1,0,0
1,0,0,0,0
0,0,0,0,0
0,0,0,0,0
0,0,1,0,0
0,0,1,0,0
0,0,0,0,0
0,0,0,0,0
0,0,0,0,0
0,0,0,0,0
1,0,0,0,0
0,0,0,0,0
0,0,0,0,0
0,0,0,0,0
0,0,0,0,0
0,0,0,0,0
0,0,0,0,0
1,0,0,0,0
0,0,0,0,0
0,0,0,0,0
0,0,0,0,0
0,1,0,0,0
0,0,1,0,0
0,0,0,0,0
0,0,0,0,0
0,0,0,1,0
0,0,1,0,0
0,0,0,0,1
0,0,0,0,0
0,0,0,0,0
0,0,0,0,0
0,1,0,0,0
0,0,1,0,0
0,0,0,0,0
0,0,0,0,0
0,0,0,0,0
0,0,1,0,0
0,0,0,0,0
0,0,0,0,0
0,0,0,0,0
1,0,0,0,0
1,0,0,0,0
0,0,1,0,0
0,0,0,0,0
0,0,0,0,0
0,0,1,0,0
0,0,0,0,0
0,0,0,0,0
0,0,0,0,0
0,0,0,0,1
1,0,0,0,0
0,1,0,0,0
0,0,0,0,0
0,0,0,0,0
1,0,0,0,0
1,0,0,0,0
0,0,0,0,0
0,0,1,0,0
1,0,0,0,0
0,0,0,0,0
0,0,0,0,0
0,0,0,0,0
1,0,0,0,0
0,0,0,0,0
0,0,1,0,0
0,0,1,0,0
0,0,0,0,0
0,0,0,0,0
0,0,0,0,0
0,0,0,0,1
1,0,0,0,0
1,0,0,0,0
1,0,0,0,0
0,1,0,0,0
0,0,0,0,0
1,0,0,0,0
0,0,0,0,0
0,0,0,0,0
0,0,0,0,0
0,1,0,0,0
0,0,0,0,0
0,1,0,0,0
0,1,0,0,0
1,0,0,0,0
0,0,0,0,0
0,0,0,0,0
0,0,0,0,0
0,0,0,0,0
0,0,1,0,0
0,0,0,0,0
1,0,0,0,0
0,0,0,0,0
1,0,0,0,0
1,0,0,0,0
1,0,0,0,0
1,0,0,0,0
0,0,1,0,0
0,0,0,0,0
0,0,0,0,0
0,0,0,1,0
0,1,0,0,0
0,1,0,0,0
0,0,1,0,0
0,0,1,0,0
0,0,0,1,0
0,0,0,0,0
0,0,0,0,0
0,0,1,0,0
0,0,0,0,0
0,0,1,0,0
0,0,1,0,0
0,0,0,0,0
1,0,0,0,0
0,0,1,0,0
0,0,0,0,0
1,0,0,0,0
0,0,0,0,0
0,0,0,0,0
0,0,0,0,0
0,0,0,0,1
0,0,0,0,0
0,0,0,0,0
1,0,0,0,0
0,1,0,0,0
0,0,0,0,0
0,0,1,0,0
0,0,0,1,0
0,0,0,0,0
0,0,0,0,0
1,0,0,0,0
0,0,0,0,0
0,0,0,0,0
0,0,0,1,0
1,0,0,0,0
1,0,0,0,0
0,0,0,0,1
1,0,0,0,0
0,0,0,0,0
0,0,0,1,0
0,0,0,0,0
0,0,1,0,0
0,0,0,0,0
1,0,0,0,0
0,0,0,0,1
1,0,0,0,0
0,0,0,0,0
0,0,0,0,0
0,0,0,1,0
1,0,0,0,0
0,0,0,0,0
0,0,0,0,0
1,0,0,0,0
0,0,0,0,1
0,0,0,0,0
0,0,0,0,0
1,0,0,0,0
1,0,0,0,0
0,0,1,0,0
0,0,1,0,0
1,0,0,0,0
0,0,0,0,0
0,0,0,0,0
0,0,0,0,0
1,0,0,0,0
0,0,0,0,0
0,0,0,0,0
1,0,0,0,0
1,0,0,0,0
0,0,0,1,0
0,0,1,0,0
0,0,0,1,0
1,0,0,0,0
0,0,0,0,1
0,0,0,0,0
1,0,0,0,0
0,0,0,0,0
0,0,0,0,0
0,0,0,0,0
0,0,1,0,0
0,0,0,1,0
0,0,0,0,0
0,0,1,0,0
0,1,0,0,0
0,0,0,0,0
0,0,0,0,0
0,1,0,0,0
0,0,0,1,0
0,0,0,0,0
0,1,0,0,0
0,0,0,0,0
1,0,0,0,0
1,0,0,0,0
0,0,0,0,0
0,0,0,0,0
1,0,0,0,0
0,0,0,0,1
0,0,0,0,0
0,0,0,0,0
1,0,0,0,0
0,0,1,0,0
0,0,0,0,0
0,0,0,0,0
0,0,0,0,0
0,0,1,0,0
0,0,0,1,0
0,0,1,0,0
0,0,0,0,0
0,0,0,0,0
0,0,1,0,0
0,0,0,0,0
0,0,0,0,0
0,1,0,0,0
0,0,0,0,0
0,0,0,0,0
0,0,0,0,0
1,0,0,0,0
1,0,0,0,0
1,0,0,0,0
0,0,0,0,0
0,0,0,0,0
0,0,0,1,0
0,0,0,0,0
0,0,0,0,0
0,0,1,0,0
0,0,0,0,0
0,0,0,0,0
0,0,0,1,0
0,0,0,0,0
0,1,0,0,0
1,0,0,0,0
0,0,0,0,0
1,0,0,0,0
0,0,0,0,0
0,0,0,0,0
0,0,1,0,0
1,0,0,0,0
0,0,0,0,0
0,0,0,0,0
0,0,0,0,0
0,0,1,0,0
0,0,0,1,0
1,0,0,0,0
0,0,0,0,0
0,0,0,1,0
0,0,0,0,0
1,0,0,0,0
0,0,1,0,0
1,0,0,0,0
0,0,0,0,0
1,0,0,0,0
1,0,0,0,0
0,1,0,0,0
1,0,0,0,0
1,0,0,0,0
0,0,1,0,0
0,0,0,0,0
0,0,0,0,0
0,0,0,0,0
0,0,0,0,0
0,0,0,0,0
0,0,0,0,0
0,0,0,0,0
0,0,0,0,0
0,0,0,0,0
1,0,0,0,0
0,0,0,0,0
1,0,0,0,0
0,0,1,0,0
0,0,1,0,0
0,0,0,0,0
0,1,0,0,0
0,0,0,0,0
0,0,0,0,0
0,1,0,0,0
0,0,0,1,0
1,0,0,0,0
0,0,1,0,0
0,1,0,0,0
0,1,0,0,0
0,0,0,0,0
1,0,0,0,0
0,0,0,0,0
0,0,0,0,0
1,0,0,0,0
0,0,0,1,0
0,0,1,0,0
0,0,0,0,0
0,0,0,0,0
1,0,0,0,0
0,0,0,0,0
1,0,0,0,0
0,1,0,0,0
1,0,0,0,0
0,0,0,0,0
1,0,0,0,0
0,0,0,0,0
0,0,0,0,0
0,1,0,0,0
1,0,0,0,0
0,0,1,0,0
0,0,0,0,0
0,0,0,0,0
0,0,1,0,0
0,0,0,0,0
0,0,0,0,0
0,0,0,0,0
0,0,0,1,0
0,0,0,0,0
0,0,1,0,0
0,0,1,0,0
0,0,0,0,0
1,0,0,0,0
0,0,1,0,0
0,0,0,0,0
0,0,1,0,0
0,0,0,0,0
0,0,0,0,0
1,0,0,0,0
1,0,0,0,0
0,0,0,0,0
0,0,0,1,0
0,0,0,0,0
0,0,0,0,0
0,0,0,0,0
0,0,1,0,0
0,0,0,0,0
0,0,0,0,0
0,0,0,0,0
1,0,0,0,0
0,0,0,0,0
0,0,0,0,0
0,1,0,0,0
0,1,0,0,0
0,0,0,0,0
1,0,0,0,0
0,1,0,0,0
0,0,0,0,0
1,0,0,0,0
0,0,1,0,0
1,0,0,0,0
0,0,0,0,0
0,1,0,0,0
0,0,0,0,0
0,0,0,0,0
0,0,0,0,0
1,0,0,0,0
0,0,0,0,0
1,0,0,0,0
0,0,0,0,0
0,0,0,0,0
1,0,0,0,0
0,0,0,0,0
1,0,0,0,0
0,0,0,0,0
1,0,0,0,0
0,0,0,0,0
0,0,0,0,0
0,0,1,0,0
0,0,0,0,0
1,0,0,0,0
1,0,0,0,0
0,0,0,0,0
1,0,0,0,0
1,0,0,0,0
1,0,0,0,0
0,0,0,0,0
0,0,0,0,0
0,0,1,0,0
0,1,0,0,0
0,1,0,0,0
0,0,0,0,0
0,0,0,0,0
0,0,0,0,0
0,0,0,1,0
0,0,0,0,0
0,0,0,0,0
0,0,0,1,0
0,0,0,0,0
0,0,0,0,0
1,0,0,0,0
0,0,0,0,0
1,0,0,0,0
0,0,0,0,0
0,0,0,0,0
0,1,0,0,0
0,0,0,0,0
0,0,0,0,0
0,0,0,0,0
0,0,0,0,0
0,0,0,0,0
0,0,1,0,0
0,0,0,0,0
