molecule_chembl_id,canonical_smiles,pIC50,bioactivity_class
CHEMBL2321905,COC(=O)c1cc(-c2ccc(NC(=O)c3cc(NC(=O)CCCOc4cc5c(cc4OC)C(=O)N4CCC[C@H]4C=N5)cn3C)cc2)cn1C,11.886056647693163,active
CHEMBL2324630,COC(=O)c1cc(-c2ccc(NC(=O)c3nc(NC(=O)CCCOc4cc5c(cc4OC)C(=O)N4CCC[C@H]4C=N5)cn3C)cc2)cn1C,11.67778070526608,active
CHEMBL4176275,COc1c(Br)c2c(c(OC)c1OC)-c1cc3cc(CO)n(C)c3cc1[C@@H](NC(C)=O)CC2,10.0,active
CHEMBL2324627,CCOC(=O)c1nc(NC(=O)c2cc(-c3ccc(NC(=O)CCCOc4cc5c(cc4OC)C(=O)N4CCC[C@H]4C=N5)cc3)cn2C)cn1C,9.958607314841775,active
CHEMBL2324629,COC(=O)c1nc(NC(=O)c2cc(NC(=O)c3cc(-c4ccc(NC(=O)CCCOc5cc6c(cc5OC)C(=O)N5CCC[C@H]5C=N6)cc4)cn3C)cn2C)cn1C,9.602059991327963,active
CHEMBL2324628,COC(=O)c1cc(NC(=O)c2cc(NC(=O)c3cc(-c4ccc(NC(=O)CCCOc5cc6c(cc5OC)C(=O)N5CCC[C@H]5C=N6)cc4)cn3C)cn2C)cn1C,9.508638306165727,active
CHEMBL2324626,COC(=O)c1cc(NC(=O)c2cc(-c3ccc(NC(=O)CCCOc4cc5c(cc4OC)C(=O)N4CCC[C@H]4C=N5)cc3)cn2C)cn1C,9.468521082957745,active
CHEMBL2324625,COC(=O)c1cc(-c2ccc(NC(=O)c3cc(-c4ccc(NC(=O)CCCOc5cc6c(cc5OC)C(=O)N5CCC[C@H]5C=N6)cc4)cn3C)cc2)cn1C,9.455931955649724,active
CHEMBL4458738,Cc1cc(N(C)c2ccc3c(c2)c2ccccc2n3C)c2ccccc2n1,9.327902142064282,active
CHEMBL4439731,CN(c1ccc2c(ccn2C)c1)c1nc(Cl)nc2ccccc12,9.207608310501746,active
CHEMBL450955,CCC(=O)O[C@H]1C(=O)[C@]2(C)[C@@H](O)C[C@H]3OC[C@@]3(OC(C)=O)[C@H]2[C@H](OC(=O)c2cccc(OC)c2)[C@]2(O)C[C@H](OC(=O)[C@H](O)[C@H](C=C(C)C)NC(=O)OC(C)(C)C)C(C)=C1C2(C)C,9.167491087293763,active
CHEMBL126916,CC(=O)O[C@@]12CO[C@@H]1C[C@H](O)[C@@]1(C)C(=O)[C@H](OC(=O)C3CC3)C3=C(C)[C@@H](OC(=O)[C@H](O)[C@H](C=C(C)C)NC(=O)OC(C)(C)C)C[C@@](O)([C@@H](OC(=O)c4ccccc4)[C@@H]12)C3(C)C,9.036212172654444,active
CHEMBL385064,CN(C)C(=S)NN=C(c1ccccn1)c1ccccn1,9.0,active
CHEMBL4539214,C=CC(=O)N1CCN(c2nc(=O)n(-c3c(C)ccnc3C(C)C)c3nc(-c4c(O)cccc4F)c(Cl)cc23)[C@@H](C)C1,9.0,active
CHEMBL223643,CC(C)[C@@H]1NC(=O)[C@H](C)OC(=O)[C@@H](C(C)C)NC(=O)[C@@H](C(C)C)OC(=O)[C@H](C(C)C)NC(=O)[C@H](C)OC(=O)[C@@H](C(C)C)NC(=O)[C@@H](C(C)C)OC(=O)[C@H](C(C)C)NC(=O)[C@H](C)OC(=O)[C@@H](C(C)C)NC(=O)[C@@H](C(C)C)OC1=O,9.0,active
CHEMBL2324624,COC(=O)c1cc(-c2ccc(NC(=O)CCCOc3cc4c(cc3OC)C(=O)N3CCC[C@H]3C=N4)cc2)cn1C,8.920818753952375,active
CHEMBL107,COc1cc2c(c(OC)c1OC)-c1ccc(OC)c(=O)cc1[C@@H](NC(C)=O)CC2,8.886056647693163,active
CHEMBL94657,C/C(=C\c1csc(C)n1)[C@@H]1C[C@@H]2O[C@]2(C)CCC[C@H](C)[C@H](O)[C@@H](C)C(=O)C(C)(C)[C@@H](O)CC(=O)O1,8.881404634776239,active
CHEMBL2180983,CC(=O)O[C@H]1C(=O)[C@]2(C)[C@@H](O)C[C@H]3OC[C@@]3(OC(C)=O)[C@H]2[C@H](OC(=O)c2ccccc2)[C@]2(O)C[C@H](OC(=O)[C@H](OC(=O)CCC(=O)NCc3ccc(CN4C(=O)[C@H]5CNC(=O)[C@H](CC(=O)O)NC(=O)CNC(=O)[C@H](CCCNC(=N)N)NC(=O)C[C@H]4C(=O)N5)cc3)[C@@H](NC(=O)c3ccccc3)c3ccccc3)C(C)=C1C2(C)C,8.744727494896694,active
CHEMBL151233,COc1cc(CCN)c2c(c1OC)SSSSS2,8.744727494896694,active
CHEMBL289498,Cc1cccc(NC(=O)NC2N=C(c3ccccc3)c3ccccc3N(C)C2=O)c1,8.744727494896694,active
CHEMBL4452137,C=CC(=O)N1CCN(c2nc(=O)n(-c3c(C)cccc3C(C)C)c3nc(-c4c(O)cccc4F)c(Cl)cc23)[C@@H](C)C1,8.698970004336019,active
CHEMBL2180985,CC(=O)O[C@H]1C(=O)[C@]2(C)[C@@H](O)C[C@H]3OC[C@@]3(OC(C)=O)[C@H]2[C@H](OC(=O)c2ccccc2)[C@]2(O)C[C@H](OC(=O)[C@H](OC(=O)CCC(=O)NCc3ccc(CN4C(=O)[C@@H]5CC(=O)N[C@@H](CCCNC(=N)N)C(=O)NCC(=O)N[C@@H](CC(=O)O)C(=O)NC[C@@H]4C(=O)N5)cc3)[C@@H](NC(=O)c3ccccc3)c3ccccc3)C(C)=C1C2(C)C,8.698970004336019,active
CHEMBL2180984,CC(=O)O[C@H]1C(=O)[C@]2(C)[C@@H](O)C[C@H]3OC[C@@]3(OC(C)=O)[C@H]2[C@H](OC(=O)c2ccccc2)[C@]2(O)C[C@H](OC(=O)[C@H](OC(=O)CCC(=O)NCc3ccc(CN4C(=O)[C@H]5CC(=O)N[C@@H](CCCNC(=N)N)C(=O)NCC(=O)N[C@@H](CC(=O)O)C(=O)NC[C@H]4C(=O)N5)cc3)[C@@H](NC(=O)c3ccccc3)c3ccccc3)C(C)=C1C2(C)C,8.638272163982407,active
CHEMBL215032,COC(=O)c1cc(NC(=O)c2cc(NC(=O)CCCOc3cc4c(cc3OC)C(=O)N3CCC[C@H]3C=N4)cn2C)cn1C,8.619788758288394,active
CHEMBL4280973,COc1cc(CCN)c2c(c1OC)SS[S+]2[O-],8.619788758288394,active
CHEMBL2180982,CC(=O)O[C@H]1C(=O)[C@]2(C)[C@@H](O)C[C@H]3OC[C@@]3(OC(C)=O)[C@H]2[C@H](OC(=O)c2ccccc2)[C@]2(O)C[C@H](OC(=O)[C@H](OC(=O)CCC(=O)NCc3ccc(CN4C(=O)[C@@H]5CNC(=O)[C@H](CC(=O)O)NC(=O)CNC(=O)[C@H](CCCNC(=N)N)NC(=O)C[C@@H]4C(=O)N5)cc3)[C@@H](NC(=O)c3ccccc3)c3ccccc3)C(C)=C1C2(C)C,8.602059991327963,active
CHEMBL65,CC[C@@]1(O)C(=O)OCc2c1cc1n(c2=O)Cc2cc3ccccc3nc2-1,8.559248299520814,active
CHEMBL1771376,COc1cc(OC)c(/C=C/S(=O)(=O)Cc2ccc(OC)c(N)c2)c(OC)c1,8.522878745280337,active
CHEMBL4527861,C=CC(=O)N1CCN(c2nc(=O)n(-c3c(C)ncnc3C(C)C)c3nc(-c4c(O)cccc4F)c(Cl)cc23)[C@@H](C)C1,8.522878745280337,active
CHEMBL4578214,C=CC(=O)N1CCN(c2nc(=O)n(-c3c(C(C)C)ccnc3C)c3nc(-c4c(O)cccc4F)c(Cl)cc23)[C@@H](C)C1,8.522878745280337,active
CHEMBL217089,COc1cccc2c1C(=O)c1c(O)c3c(c(O)c1C2=O)C[C@@](O)(C(=O)CO)C[C@@H]3O[C@H]1C[C@@H]2NCO[C@@H]2[C@H](C)O1,8.500038134403809,active
CHEMBL3545252,CC(=O)O[C@@]12CO[C@@H]1C[C@H](O)[C@@]1(C)C(=O)[C@H](O)C3=C(C)[C@@H](OC(=O)[C@H](O)[C@@H](NC(=O)OC(C)(C)C)c4ccccc4)C[C@@](O)([C@@H](OC(=O)c4ccccc4)[C@@H]12)C3(C)C.O.O.O,8.48932096896779,active
CHEMBL96926,C/C=C(/C)C(=O)O[C@H]1C(C)=C2[C@@H]3OC(=O)[C@@](C)(O)[C@@]3(O)[C@@H](OC(=O)CCC)C[C@](C)(OC(C)=O)[C@H]2[C@@H]1OC(=O)CCCCCCC,8.481881052856847,active
CHEMBL1614766,O=C(NOCCO)c1cc(CN2OCCCC2=O)c(F)c(F)c1Nc1ccc(I)cc1F,8.481486060122112,active
CHEMBL159,CC[C@]1(O)C[C@@H]2CN(CCc3c([nH]c4ccccc34)[C@@](C(=O)OC)(c3cc4c(cc3OC)N(C)[C@H]3[C@@](O)(C(=O)OC)[C@H](OC(C)=O)[C@]5(CC)C=CCN6CC[C@]43[C@@H]65)C2)C1,8.47005659834133,active
CHEMBL253178,COc1cc(OC)c(/C=C/S(=O)(=O)Cc2ccc(OC)c(O)c2)c(OC)c1,8.397940008672037,active
CHEMBL4456801,C=CC(=O)N1CCN(c2nc(=O)n(-c3ccccc3C(C)C)c3cc(-c4c(C)ccc5[nH]ncc45)c(Cl)cc23)CC1,8.397940008672037,active
CHEMBL53463,COc1cccc2c1C(=O)c1c(O)c3c(c(O)c1C2=O)C[C@@](O)(C(=O)CO)C[C@@H]3O[C@H]1C[C@H](N)[C@H](O)[C@H](C)O1,8.355012278145646,active
CHEMBL4535757,C=CC(=O)N1CCN(c2nc(=O)n(-c3c(C)ccnc3C(C)C)c3nc(-c4c(O)cccc4F)c(F)cc23)[C@@H](C)C1,8.301029995663981,active
CHEMBL4450657,C=CC(=O)N1CCN(c2nc(=O)n(-c3ccccc3C(C)C)c3nc(-c4c(O)cccc4F)c(Cl)cc23)[C@@H](C)C1,8.301029995663981,active
CHEMBL2435248,CN1CCN(CCn2c(=O)c3cc(NCCCN4CCOCC4)c4c(=O)n(CCN5CCN(C)CC5)c(=O)c5cc(NCCCN6CCOCC6)c(c2=O)c3c54)CC1,8.301029995663981,active
CHEMBL2203744,CN(C(=S)NN=C(c1ccccn1)c1ccccn1)C1CCCCC1,8.301029995663981,active
CHEMBL4450519,C=CC(=O)N1CCN(c2nc(=O)n(-c3ccccc3C(C)C)c3nc(-c4ccccc4F)c(Cl)cc23)[C@@H](C)C1,8.301029995663981,active
CHEMBL498271,C=C(c1ccc(OC)c(O)c1)c1cc(OC)c(OC)c(OC)c1,8.301029995663981,active
CHEMBL3672295,Cc1cc(O)c(-c2ccc([C@@H](C)CN)cc2)c2c1[nH]c(=O)c1sccc12,8.2839966563652,active
CHEMBL553025,CCC1=C[C@@H]2CN(C1)Cc1c([nH]c3ccccc13)[C@@](C(=O)OC)(c1cc3c(cc1OC)N(C)[C@H]1[C@@](O)(C(=O)OC)[C@H](OC(C)=O)[C@]4(CC)C=CCN5CC[C@]31[C@@H]54)C2,8.234480456902048,active
CHEMBL4465551,C=CC(=O)N1CCN(c2nc(=O)n(-c3ccccc3C(C)C)c3cc(-c4ccccc4F)c(Cl)cc23)[C@@H](C)C1,8.221848749616356,active
CHEMBL428647,CC(=O)O[C@H]1C(=O)[C@]2(C)[C@@H](O)C[C@H]3OC[C@@]3(OC(C)=O)[C@H]2[C@H](OC(=O)c2ccccc2)[C@]2(O)C[C@H](OC(=O)[C@H](O)[C@@H](NC(=O)c3ccccc3)c3ccccc3)C(C)=C1C2(C)C,8.221848749616356,active
CHEMBL4103012,O=c1c2ccc3c(=O)n(CCCN4CCOCC4)c(=O)c4c(NCCN5CCCC5)cc(c(=O)n1CCCN1CCOCC1)c2c34,8.154901959985743,active
CHEMBL1233002,CCCCCCC/C=C/C=C/C(=O)N[C@H](C(=O)N[C@H]1C[C@@H](O)CCNC(=O)/C=C/[C@H](C)NC1=O)[C@@H](C)O,8.154901959985743,active
CHEMBL67,COc1ccc(/C=C\c2cc(OC)c(OC)c(OC)c2)cc1O,8.142667503568731,active
CHEMBL2420629,O=C(NCc1ccc(S(=O)(=O)c2cc(F)cc(F)c2)cc1)c1ccc2nccn2c1,8.130768280269024,active
CHEMBL254849,COc1ccc(CS(=O)(=O)/C=C/c2c(OC)cc(OC)cc2OC)cc1,8.096910013008056,active
CHEMBL4441771,C=CC(=O)N1CCN(c2nc(=O)n(-c3c(C)ncnc3C(C)C)c3nc(-c4c(O)cccc4F)c(F)cc23)[C@@H](C)C1,8.045757490560675,active
CHEMBL3216446,Cl.Cl.N=C(N)c1ccc2nc(-c3ccc(-c4nc5ccc(C(=N)N)cc5s4)o3)sc2c1,8.0,active
CHEMBL3215587,Cl.Cl.N=C(N)c1ccc2nc(-c3ccc(-c4nc5ccc(C(=N)N)cc5s4)s3)sc2c1,8.0,active
CHEMBL2335138,CN1CCN(CCCNc2cc3c(=O)n(CCCN4CCOCC4)c(=O)c4c(NCCCN5CCN(C)CC5)cc5c(=O)n(CCCN6CCOCC6)c(=O)c2c5c34)CC1,8.0,active
CHEMBL2335142,CN1CCN(CCNc2cc3c(=O)n(CCCN4CCOCC4)c(=O)c4c(NCCN5CCN(C)CC5)cc5c(=O)n(CCCN6CCOCC6)c(=O)c2c5c34)CC1,8.0,active
CHEMBL4078023,Cc1nc(C)c(/C=C2\CN(C)C/C(=C\c3nc(C)c(C)nc3C)C2=NO)nc1C,8.0,active
CHEMBL3215586,Cl.Cl.c1cc(-c2ccc(-c3nc4ccc(C5=NCCN5)cc4s3)o2)ccc1C1=NCCN1,8.0,active
CHEMBL4159771,COc1c(Br)c2c(c(OC)c1OC)-c1cc3cc(CO)[nH]c3cc1[C@@H](NC(C)=O)CC2,8.0,active
CHEMBL109480,C=CCNC1=C2C[C@@H](C)C[C@H](OC)[C@H](O)[C@@H](C)/C=C(\C)[C@H](OC(N)=O)[C@@H](OC)/C=C\C=C(/C)C(=O)NC(=CC1=O)C2=O,7.996108833763089,active
CHEMBL4452622,C=CC(=O)N1CCN(c2nc(=O)n(-c3c(C)cccc3C(C)C)c3nc(-c4c(O)cccc4F)c(F)cc23)[C@@H](C)C1,7.958607314841775,active
CHEMBL4439782,C=CC(=O)N1CCN(c2nc(=O)n(-c3ccccc3C(C)C)c3nc(-c4c(O)cccc4F)c(Cl)cc23)CC1,7.958607314841775,active
CHEMBL18351,COc1ccc(-c2oc3c(OC)c(OC)c(OC)c(O)c3c(=O)c2OC)cc1O,7.920818753952375,active
CHEMBL4450041,C=CC(=O)N1CCN(c2nc(=O)n(-c3ccccc3C(C)C)c3nc(-c4ccccc4O)c(Cl)cc23)[C@@H](C)C1,7.886056647693163,active
CHEMBL837,CCc1c2c(nc3ccc(O)cc13)-c1cc3c(c(=O)n1C2)COC(=O)[C@]3(O)CC,7.886056647693163,active
CHEMBL4449810,C=CC(=O)N1CCN(c2nc(=O)n(-c3ccccc3C(C)C)c3cc(-c4c(O)cccc4F)c(Cl)cc23)[C@@H](C)C1,7.853871964321762,active
CHEMBL4465918,O=C(CCCC(=O)N1C[C@@H](CCl)c2c1cc(O)c1ccccc21)N1C[C@@H](CCl)c2c1cc(O)c1ccccc21,7.85078088734462,active
CHEMBL90555,CC[C@]1(O)C[C@H]2CN(CCc3c([nH]c4ccccc34)[C@@](C(=O)OC)(c3cc4c(cc3OC)N(C=O)[C@H]3[C@@](O)(C(=O)OC)[C@H](OC(C)=O)[C@]5(CC)C=CCN6CC[C@]43[C@@H]65)C2)C1,7.823908740944319,active
CHEMBL252164,CCNC(=O)c1noc(-c2cc(C(C)C)c(O)cc2O)c1-c1ccc(CN2CCOCC2)cc1,7.82131076022441,active
CHEMBL4591772,C=CC(=O)N1CCN(c2nc(=O)n(-c3ccccc3C(C)C)c3nc(-c4ccccc4Cl)c(Cl)cc23)[C@@H](C)C1,7.795880017344075,active
CHEMBL4097664,COc1cc2c(c(OC)c1OC)-c1cc3cc(COC(C)=O)oc3cc1C(=O)CC2,7.795880017344075,active
CHEMBL4458041,C=CC(=O)N1CCN(c2nc(=O)n(-c3c(C(C)C)ccnc3C)c3nc(-c4c(O)cccc4F)c(F)cc23)[C@@H](C)C1,7.795880017344075,active
CHEMBL888,Nc1ccn([C@@H]2O[C@H](CO)[C@@H](O)C2(F)F)c(=O)n1,7.795880017344075,active
CHEMBL4070492,COc1cc2c(c(OC)c1OC)-c1cc3cc(CO)oc3cc1C(O)CC2,7.795880017344075,active
CHEMBL4569344,C=CC(=O)N1CCN(c2nc(=O)n(-c3ccccc3C(C)C)c3cc(-c4cc(O)cc5ccccc45)c(Cl)cc23)CC1,7.769551078621726,active
CHEMBL507361,O=C(NOC[C@H](O)CO)c1ccc(F)c(F)c1Nc1ccc(I)cc1F,7.769551078621726,active
CHEMBL1972860,CN(NC(=O)CC(=O)NN(C)C(=S)c1ccccc1)C(=S)c1ccccc1,7.7667499904589,active
CHEMBL4454645,C=CC(=O)N1CCN(c2nc(=O)n(-c3ccccc3C(C)C)c3cc(-c4ccccc4Cl)c(Cl)cc23)[C@@H](C)C1,7.7447274948966935,active
CHEMBL2146520,CCCCCCC/C=C/C=C/C(=O)N[C@H](C(=O)N[C@H]1CCCCNC(=O)/C=C/[C@H](C)NC1=O)[C@@H](C)O,7.7447274948966935,active
CHEMBL519668,O=C(CCCCCCC(=O)Nc1cccc(-c2cn(-c3ccccc3)nn2)c1)NO,7.698970004336019,active
CHEMBL4476547,CN1C/C(=C\c2ccc(N(C)C)cc2[N+](=O)[O-])C(=NO)/C(=C/c2ccc(N(C)C)cc2[N+](=O)[O-])C1,7.698970004336019,active
CHEMBL464221,O=c1[nH]c(=O)n([C@@H]2O[C@H](CO)[C@@H](O)[C@H]2O)c(I)c1F,7.698970004336019,active
CHEMBL1083151,COc1cc(Nc2nccc(-c3sc(C)nc3C)n2)cc(OC)c1OC,7.657577319177793,active
CHEMBL4469638,C=CC(=O)N1CCN(c2nc(=O)n(-c3ccccc3C(C)C)c3cc(-c4ccccc4F)c(Cl)cc23)CC1,7.657577319177793,active
CHEMBL2376666,NC(=O)c1c(Nc2ccc(I)cc2F)cc(F)cc1Oc1cccc(NS(N)(=O)=O)c1,7.638272163982407,active
CHEMBL2172463,COc1cccc2c1C(=O)c1c(O)c3c(c(O)c1C2=O)C[C@@](O)(C(=O)CO)C[C@@H]3O[C@H]1C[C@H]2[C@H](OCN2C(=O)OCc2ccc(NC(=O)[C@H](CCCCN)NC(=O)[C@H](Cc3ccccc3)NC(=O)[C@@H](C)NC(=O)CNC(C)=O)cc2)[C@H](C)O1.O=P(O)(O)O,7.630042392653947,active
CHEMBL325023,Cc1nc(C)c(-c2[nH]nc3c2C(=O)c2c(NC(=O)NN4CCN(C)CC4)cccc2-3)s1,7.585026652029182,active
CHEMBL1172549,COc1cc(C(=O)/C=C/c2c[nH]c3ccccc23)cc(OC)c1OC,7.522878745280337,active
CHEMBL4093642,COc1cc(Br)c(/C=C2\CN(C(C)C)CC(=C\c3nc(C)c(C)nc3C)/C2=N/O)cc1OC,7.522878745280337,active
CHEMBL3672369,Cc1cc(O)c(-c2ccc([C@@H](C)CN(C)C)cc2)c2c1[nH]c(=O)c1sccc12,7.522878745280337,active
CHEMBL553,C#Cc1cccc(Nc2ncnc3cc(OCCOC)c(OCCOC)cc23)c1,7.522878745280337,active
CHEMBL1643903,COc1ccc(-c2oc3c(OC)c(OC)c(OC)c(O)c3c(=O)c2OC)cc1N,7.481486060122112,active
CHEMBL4517656,C=CC(=O)N1CCN(c2nc(=O)n(-c3ccccc3C(C)C)c3cc(-c4c(O)cccc4F)c(Cl)cc23)CC1,7.481486060122112,active
CHEMBL4167516,C=Cc1c(C)c2cc3nc(c(CC(=O)OC)c4[nH]c(cc5nc(cc1[nH]2)C(C)=C5CC)c(C)c4C(=O)NCCOCCOCCNC(=O)CCCC(=O)Oc1ccc(/C=C/C(=O)CC(=O)/C=C/c2ccc(O)c(OC)c2)cc1OC)C(CCC(=O)OC)C3C,7.455931955649724,active
CHEMBL1094709,O=C(CCCCCCC(=O)Nc1cccc(-n2cc(-c3ccccc3)nn2)c1)NO,7.3979400086720375,active
CHEMBL106653,CC[n+]1c(/C=c2\s/c(=C3/Sc4ccccc4N3C)c(=O)n2-c2ccccc2)sc2ccccc21.Cc1ccc(S(=O)(=O)[O-])cc1,7.3979400086720375,active
CHEMBL320647,C[C@@](O)(CCl)[C@H]1Cc2ccc3oc4c(N5CC[C@H](N)C5)c(F)cc5c(=O)c(C(=O)O)cn(c3c2O1)c45,7.3979400086720375,active
CHEMBL3216912,CC(C)NC(=N)c1ccc(-c2ccc(-c3nc4ccc(C(=N)NC(C)C)cc4s3)s2)cc1.Cl.Cl,7.3979400086720375,active
CHEMBL2335140,CN1CCN(CCCNc2cc3c(=O)n(CCN4CCOCC4)c(=O)c4c(NCCCN5CCN(C)CC5)cc5c(=O)n(CCN6CCOCC6)c(=O)c2c5c34)CC1,7.3979400086720375,active
CHEMBL490294,COc1cc(/C=C\c2ccc(OC)c(N)c2)cc(OC)c1.Cl,7.3979400086720375,active
CHEMBL4438343,C=CC(=O)N1CCN(c2nc(=O)n(-c3ccccc3C(C)C)c3cc(-c4ccccc4C(F)(F)F)c(Cl)cc23)[C@@H](C)C1,7.3979400086720375,active
CHEMBL1094408,COc1ccc(N2CCN(C)CC2)cc1Nc1ncc2c(n1)-c1c(c(C(N)=O)nn1C)CC2,7.356547323513812,active
CHEMBL4460245,CCc1c2c(nc3ccc(O)cc13)-c1cc3c(c(=O)n1C2)COC(=O)[C@@]3(CC)OC(=O)CNC(=O)c1noc(-c2cc(C(C)C)c(O)cc2O)c1-c1ccc(CN2CCOCC2)cc1,7.337242168318426,active
CHEMBL2047532,O=C(CCCO[N+](=O)[O-])Oc1ccccc1C(=O)Oc1ccc(-c2cc(=S)ss2)cc1,7.327902142064283,active
CHEMBL2013119,COc1cc(OC)c(/C=C/S(=O)(=O)Cc2ccc(OC)c(NCC(=O)[O-])c2)c(OC)c1.[Na+],7.301029995663981,active
CHEMBL108793,CCn1c(=O)/c(=C2\Sc3ccccc3N2C)s/c1=C\c1sc2ccccc2[n+]1CC.[I-],7.301029995663981,active
CHEMBL2435247,CN1CCN(CCCn2c(=O)c3cc(NCCCN4CCOCC4)c4c(=O)n(CCCN5CCN(C)CC5)c(=O)c5cc(NCCCN6CCOCC6)c(c2=O)c3c54)CC1,7.301029995663981,active
CHEMBL1272140,CN1CCN(c2ccc(OC(F)(F)F)c(Nc3ncc4c(n3)-c3c(c(C(N)=O)nn3C)CC4)c2)CC1,7.2839966563652006,active
CHEMBL3216447,Cl.Cl.c1cc2nc(-c3ccc(-c4nc5ccc(C6=NCCN6)cc5s4)s3)sc2cc1C1=NCCN1,7.221848749616356,active
CHEMBL3216913,Cl.Cl.c1cc2nc(-c3ccc(-c4nc5ccc(C6=NCCN6)cc5s4)o3)sc2cc1C1=NCCN1,7.221848749616356,active
CHEMBL594764,COc1ccc2c(c1)SC1=N/C(=C\c3sc4ccccc4[n+]3C)C=C(C)N12.[O-][Cl+3]([O-])([O-])[O-],7.221848749616356,active
CHEMBL280643,CC(=O)[O-].CCn1c(=O)/c(=C2\Sc3ccccc3N2C)s/c1=C\c1sc2ccccc2[n+]1CC,7.221848749616356,active
CHEMBL1083152,CNc1nc(C)c(-c2ccnc(Nc3cc(OC)c(OC)c(OC)c3)n2)s1,7.2076083105017466,active
CHEMBL4100071,COc1cc2c(c(OC)c1OC)-c1cc3cc(CO)oc3cc1C(=O)CC2,7.1938200260161125,active
CHEMBL4103889,COc1cc2c(c(OC)c1OC)-c1cc3cc(C(C)O)oc3cc1C(O)CC2,7.1938200260161125,active
CHEMBL4464335,C=CC(=O)N1CC(NC(=O)Cn2c(C3CC3)c(C(=O)N3CCc4c(cccc4OC)C3)c3cc(Cl)cc(C)c32)C1,7.173925197299173,active
CHEMBL108063,CCN1/C(=C/C=c2\s/c(=C\c3sc4ccccc4[n+]3CC)n(-c3ccccc3)c2=O)Sc2ccccc21.[I-],7.154901959985743,active
CHEMBL2419515,Cc1ccc(S(=O)(=O)c2ccc(CNC(=O)N3Cc4ccncc4C3)cc2)cn1,7.154901959985743,active
CHEMBL4435076,CN1CC(Cc2ccc(N(C)C)cc2[N+](=O)[O-])C(=NO)C(Cc2ccc(N(C)C)cc2[N+](=O)[O-])C1,7.154901959985743,active
CHEMBL1269246,CN1CCN(CCCCNc2cc3c(=O)n(CCCCN4CCN(C)CC4)c(=O)c4c(NCCCCN5CCN(C)CC5)cc5c(=O)n(CCCCN6CCN(C)CC6)c(=O)c2c5c34)CC1,7.136677139879544,active
CHEMBL393760,COC1=CC(=O)c2c(COc3ccc(F)cc3F)c(C)n(C)c2C1=O,7.1249387366083,active
CHEMBL524493,COc1cc(/C=C\c2ccc3c(ccn3C)c2)cc(OC)c1,7.096910013008056,active
CHEMBL4064361,COc1cc(Br)c(/C=C2\CN(C)CC(=C\c3nc(C)c(C)nc3C)/C2=N\O)cc1OC,7.096910013008056,active
CHEMBL1879463,Cn1c(=O)n(-c2ccc(C(C)(C)C#N)cc2)c2c3cc(-c4cnc5ccccc5c4)ccc3ncc21,7.072937756507,active
CHEMBL210209,CC(C)(Cc1ncc[nH]1)C1C(=O)Nc2ccc(-c3cncc(OC[C@@H](N)Cc4c[nH]c5ccccc45)c3)cc21,7.070581074285707,active
CHEMBL205487,O=C(NC(=O)c1ccccc1[N+](=O)[O-])Nc1ccc(Sc2ncc(Br)cn2)cc1,7.0655015487564325,active
CHEMBL391714,COC1=CC(=O)c2c(c(COc3c(F)cc(F)cc3F)c(C)n2C)C1=O,7.0655015487564325,active
CHEMBL101871,C[C@]1([C@H]2Cc3ccc4oc5c(N6CC[C@H](N)C6)c(F)cc6c(=O)c(C(=O)O)cn(c4c3O2)c56)CO1,7.045757490560675,active
CHEMBL4085902,COc1cc(Br)c(/C=C2\CC(C)CC(=C\c3nc(C)c(C)nc3C)/C2=N/O)cc1OC,7.045757490560675,active
CHEMBL1172550,COc1cc(C(=O)/C=C/c2cn(C)c3ccccc23)cc(OC)c1OC,7.045757490560675,active
CHEMBL4094546,Cc1nc(C)c(/C=C2\CC(C)C/C(=C\c3nc(C)c(C)nc3C)C2=NO)nc1C,7.045757490560675,active
CHEMBL2435249,CN1CCN(CCCn2c(=O)c3cc(NC[C@H]4CCCO4)c4c(=O)n(CCCN5CCN(C)CC5)c(=O)c5cc(NC[C@@H]6CCCO6)c(c2=O)c3c54)CC1,7.022276394711152,active
CHEMBL203996,Nc1ccccc1C(=O)NC(=O)Nc1ccc(Sc2ncc(Br)cn2)cc1,7.022276394711152,active
CHEMBL4089932,COc1cc2c(c(OC)c1OC)-c1cc3cc(C(C)O)oc3cc1C(=O)CC2,7.0,active
CHEMBL1094710,O=C(CCCCCCC(=O)Nc1cccc(-n2cc(C3CCCCC3)nn2)c1)NO,7.0,active
CHEMBL1289102,COc1ccc(-c2cc(C(=O)N/N=C(\C)c3ccc(OC)c(OC)c3)[nH]n2)cc1,7.0,active
CHEMBL210390,Nc1cc2cc(-c3cncc(OC[C@@H](N)Cc4c[nH]c5ccccc45)c3)ccc2cn1,7.0,active
CHEMBL467793,Nc1ccc(-c2cc(C(=O)NCCCCCCC(=O)NO)no2)cc1,7.0,active
CHEMBL468595,Nc1cccc(-c2cc(C(=O)NCCCCCCC(=O)NO)no2)c1,7.0,active
CHEMBL1094707,O=C(CCCCCCC(=O)Nc1cccc(-c2cn(C3CCCCC3)nn2)c1)NO,7.0,active
CHEMBL511749,CC(C)(C)OC(=O)Nc1ccc(-c2cc(C(=O)NCCCCCCC(=O)NO)no2)cc1,7.0,active
CHEMBL594283,CCOc1ccc2c(c1)SC1=N/C(=C\c3oc4ccccc4[n+]3C)C=C(C)N12.[O-][Cl+3]([O-])([O-])[O-],7.0,active
CHEMBL1076939,COc1cc(-n2cc(-c3cccc(NC(=O)CCCCCCC(=O)NO)c3)nn2)ccc1F,7.0,active
CHEMBL1091474,O=C(CCCCCCC(=O)Nc1cccc(-c2cn(-c3ccc(F)cc3)nn2)c1)NO,7.0,active
CHEMBL2047533,O=C(CCC(=O)Oc1ccccc1C(=O)Oc1ccc(-c2cc(=S)ss2)cc1)OCCCCO[N+](=O)[O-],6.991399828238082,active
CHEMBL235325,COC1=CC(=O)c2c(c(COc3ccccc3[N+](=O)[O-])c(C)n2C)C1=O,6.982966660701219,active
CHEMBL2164993,CC(C)CCCCC/C=C/C=C/C(=O)N[C@H](C(=O)N[C@H]1CCCCNC(=O)/C=C/[C@H](C)NC1=O)[C@@H](C)O,6.958607314841775,active
CHEMBL1269245,CN1CCN(CCCNc2cc3c(=O)n(CCCN4CCN(C)CC4)c(=O)c4c(NCCCN5CCN(C)CC5)cc5c(=O)n(CCCN6CCN(C)CC6)c(=O)c2c5c34)CC1,6.958607314841775,active
CHEMBL403664,Cc1c(N)nc([C@H](CC(N)=O)NC[C@H](N)C(N)=O)nc1C(=O)N[C@H](C(=O)N[C@H](C)[C@@H](O)[C@H](C)C(=O)N[C@H](C(=O)NCCc1nc(-c2nc(C(=O)NCCC[S+](C)C)cs2)cs1)[C@@H](C)O)[C@@H](O[C@@H]1O[C@@H](CO)[C@@H](O)[C@H](O)[C@@H]1O[C@H]1O[C@H](CO)[C@@H](O)[C@H](OC(N)=O)[C@@H]1O)c1c[nH]cn1,6.955695480824086,active
CHEMBL1269247,CN1CCN(CCCCCNc2cc3c(=O)n(CCCCCN4CCN(C)CC4)c(=O)c4c(NCCCCCN5CCN(C)CC5)cc5c(=O)n(CCCCCN6CCN(C)CC6)c(=O)c2c5c34)CC1,6.91721462968355,active
CHEMBL1092981,COC(=O)NNC(=O)/C(=C/c1ccc2ccccc2c1)c1cc(OC)c(OC)c(OC)c1,6.896196279044043,active
CHEMBL351590,NP(=O)(OCc1ccc([N+](=O)[O-])o1)N(CCCl)CCCl,6.886056647693163,active
CHEMBL2435250,CN1CCN(CCCn2c(=O)c3cc(NCC4CCOCC4)c4c(=O)n(CCCN5CCN(C)CC5)c(=O)c5cc(NCC6CCOCC6)c(c2=O)c3c54)CC1,6.863279432843593,active
CHEMBL298445,Cc1nc(N)sc1-c1ccnc(Nc2cccc([N+](=O)[O-])c2)n1,6.856985199745905,active
CHEMBL377603,CC(C)(Cc1ccc[nH]1)C1C(=O)Nc2ccc(-c3cncc(OC[C@@H](N)Cc4c[nH]c5ccccc45)c3)cc21,6.853871964321762,active
CHEMBL1614701,Cn1cnc2c(F)c(Nc3ccc(Br)cc3Cl)c(C(=O)NOCCO)cc21,6.847711655616943,active
CHEMBL199360,CN(C)CC/N=C1\C=C(O)c2oc(-c3ccccc3)nc2C1=O,6.823908740944319,active
CHEMBL200805,CN(C)CC/N=C1\C=C(O)c2nc(-c3ccccc3)oc2C1=O,6.823908740944319,active
CHEMBL4085476,O=C1C=CCC(c2cc3c(c4ccccc24)CCCC3)O1,6.795880017344075,active
CHEMBL72793,NP(=O)(OCc1ccc([N+](=O)[O-])o1)N(CCBr)CCBr,6.795880017344075,active
CHEMBL393025,COC1=CC(=O)c2c(COc3ccc(N)cc3)c(C)n(C)c2C1=O,6.795880017344075,active
CHEMBL3216239,Cl.Cl.c1cc(-c2ccc(-c3nc4ccc(C5=NCCN5)cc4s3)s2)ccc1C1=NCCN1,6.769551078621726,active
CHEMBL2380834,O=C(Nc1ccc(Nc2ccnc3[nH]c(=O)c4ccccc4c23)cc1)c1ccc(F)cc1C(F)(F)F,6.769551078621726,active
CHEMBL1084630,CCNc1nc(C)c(-c2ccnc(Nc3ccc(N4CCOCC4)cc3)n2)s1,6.761953896871205,active
CHEMBL46817,Cc1nc(C)c(-c2ccnc(Nc3ccc(N(C)C)cc3)n2)s1,6.752026733638194,active
CHEMBL235326,COC1=CC(=O)c2c(COc3ccccc3[N+](=O)[O-])c(C)n(C)c2C1=O,6.749579997691106,active
CHEMBL502199,COc1cc(/C=C\c2ccc(OC)c(N)c2)cc(OCCO)c1.Cl,6.7447274948966935,active
CHEMBL373195,Cc1nc2c(s1)C(O)=C/C(=N\CCN(C)C)C2=O,6.7447274948966935,active
CHEMBL4554359,Oc1ccc2[nH]cc(C(c3c(Cl)c(Cl)c(C(c4c[nH]c5ccc(O)cc45)c4c[nH]c5ccc(O)cc45)c(Cl)c3Cl)c3c[nH]c4ccc(O)cc34)c2c1,6.721246399047171,active
CHEMBL236820,COC1=CC(=O)c2c(COc3ccc(C#N)cc3)c(C)n(C)c2C1=O,6.716698771296451,active
CHEMBL1088735,O=C(CCCCCCC(=O)Nc1cccc(-c2cn(Cc3ccc(O)cc3)nn2)c1)NO,6.698970004336019,active
CHEMBL493188,CCN(CC)c1ccc(/C=N/NC(=S)Nc2ccccc2)c(O)c1,6.698970004336019,active
CHEMBL4214675,[O-][S+](CC#Cc1cccnc1C#CCO)c1c(F)c(F)c(F)c(F)c1F,6.698970004336019,active
CHEMBL491277,COc1cc(/C=C\c2ccc3cc[nH]c3c2)cc(OC)c1,6.698970004336019,active
CHEMBL490295,COc1cc(/C=C\c2ccc3[nH]ccc3c2)cc(OC)c1,6.698970004336019,active
CHEMBL4436271,CCc1c2c(nc3ccc(O)cc13)-c1cc3c(c(=O)n1C2)COC(=O)[C@@]3(CC)OC(=O)CCNC(=O)c1noc(-c2cc(C(C)C)c(O)cc2O)c1-c1ccc(CN2CCOCC2)cc1,6.688246138944246,active
CHEMBL2380829,O=C(Nc1ccc(Nc2ccnc3[nH]c(=O)c4ccccc4c23)cc1)c1cccc(F)c1F,6.679853713888946,active
CHEMBL505363,C=C[C@]1(C)[C@@H](C(=C)C=O)[C@@H](OC(=O)C(C)(O)CC)[C@@H]2C(=C)C(=O)O[C@H]1[C@H]2OC(C)=O,6.6777807052660805,active
CHEMBL369474,COc1cc2c(c3oc4c(O)cccc4c(=O)c13)C[C@H]([C@@]1(C)CO1)O2,6.6777807052660805,active
CHEMBL2380837,O=C(Nc1ccc(Nc2ccnc3[nH]c(=O)c4ccccc4c23)cc1)c1cc(F)cc(C(F)(F)F)c1,6.675717544702307,active
CHEMBL237620,COC1=CC(=O)c2c(COc3c(F)cc(F)cc3F)c(C)n(C)c2C1=O,6.673664139071248,active
CHEMBL463298,C=C1C(=O)O[C@H]2[C@@H](OC(C)=O)[C@@H]1[C@H](OC(=O)C(C)(O)CC)[C@H](C(=C)C=O)[C@@]2(C)[C@@H]1CO1,6.657577319177793,active
CHEMBL1084715,CCNc1nc(C)c(-c2ccnc(Nc3ccc(CNC(C)=O)cc3)n2)s1,6.638272163982407,active
CHEMBL2107358,COC1=CC(c2cc3ccccc3[nH]2)=N/C1=C\c1[nH]c(C)cc1C.CS(=O)(=O)O,6.632886456822363,active
CHEMBL1083150,CNc1ccc(Nc2nccc(-c3sc(C)nc3C)n2)cc1,6.628932137728263,active
CHEMBL4439395,O=C(Cc1ccc(-c2ccccc2)cc1)Nc1cc(C2CCC2)[nH]n1,6.607303046740334,active
CHEMBL575448,C[C@@]1(C(=O)Nc2ccc(F)nc2)CCCN1c1nc(Nc2cc(C3CC3)n[nH]2)c2cccn2n1,6.59753226919717,active
CHEMBL2380835,O=C(Nc1ccc(Nc2ccnc3[nH]c(=O)c4ccccc4c23)cc1)c1cccc(C(F)(F)F)c1F,6.5968794788241825,active
CHEMBL449158,CCC/C=C/C=C/C(=O)O[C@H]1/C(=C/C(=O)OC)C[C@H]2C[C@H]([C@@H](C)O)OC(=O)C[C@H](O)C[C@@H]3C[C@H](OC(C)=O)C(C)(C)[C@](O)(C[C@@H]4C/C(=C/C(=O)OC)C[C@H](/C=C/C(C)(C)[C@]1(O)O2)O4)O3,6.5909972965982275,active
CHEMBL235324,COC1=CC(=O)c2c(COc3cccc([N+](=O)[O-])c3)c(C)n(C)c2C1=O,6.590066876668706,active
CHEMBL393095,COC1=CC(=O)c2c(c(COc3cccc([N+](=O)[O-])c3)c(C)n2C)C1=O,6.58838029403677,active
CHEMBL373432,COC1=CC(=O)c2c(c(O)c3oc4cc(OC)cc(C)c4c(=O)c3c2O)C1=O,6.585026652029182,active
CHEMBL3216809,Cl.Cl.c1cc(-c2nc3ccc(C4=NCCN4)cc3s2)cc(-c2nc3ccc(C4=NCCN4)cc3s2)c1,6.585026652029182,active
CHEMBL151546,NC(=O)Nc1cccc2c1C(=O)c1c(-c3csc(Cl)c3)n[nH]c1-2,6.585026652029182,active
CHEMBL1084629,CNc1nc(C)c(-c2ccnc(Nc3ccc(N4CCOCC4)cc3)n2)s1,6.5638373529592435,active
CHEMBL105,CO[C@@]12[C@H](COC(N)=O)C3=C(C(=O)C(C)=C(N)C3=O)N1C[C@@H]1N[C@@H]12,6.55995722329066,active
CHEMBL9470,CC(C)=CC[C@@H](O)C1=CC(=O)c2c(O)ccc(O)c2C1=O,6.558320571496191,active
CHEMBL482967,Cc1nc(N)sc1-c1ccnc(Nc2ccc(N3CCOCC3)cc2)n1,6.555955204081924,active
CHEMBL2380831,O=C(Nc1ccc(Nc2ccnc3[nH]c(=O)c4ccccc4c23)cc1)c1c(F)cccc1F,6.533132379645891,active
CHEMBL1201182,CO[C@H]1C[C@@H]2CC[C@@H](C)[C@@](O)(O2)C(=O)C(=O)N2CCCC[C@H]2C(=O)O[C@H]([C@H](C)C[C@@H]2CC[C@@H](OC(=O)C(C)(CO)CO)[C@H](OC)C2)CC(=O)[C@H](C)/C=C(\C)[C@@H](O)[C@@H](OC)C(=O)[C@H](C)C[C@H](C)/C=C/C=C/C=C/1C,6.528899068279617,active
CHEMBL483892,O=C(CCCCCCC(=O)Nc1cccc(-c2cn(Cc3ccc(F)cc3)nn2)c1)NO,6.522878745280337,active
CHEMBL4208224,Cc1c2cc(Cl)ccc2n2cc(Cc3ccccc3)[nH]c(=O)c12,6.522878745280337,active
CHEMBL4204412,CCCCNC(=O)N[C@]1(C)CC[C@]2(C)CC[C@]3(C)C4=CC=C5C(=CC(=O)C(O)=C5C)[C@]4(C)CC[C@@]3(C)[C@@H]2C1,6.508638306165727,active
CHEMBL236821,COC1=CC(=O)c2c(COc3ccc(C(F)(F)F)cc3)c(C)n(C)c2C1=O,6.507239610973162,active
CHEMBL4227515,Cc1nn(-c2nc(-c3ccc(Cl)c(Cl)c3)c(SC(C)C)s2)c(C(=O)O)c1-c1cc(Cl)cc(Cl)c1,6.494850021680094,active
CHEMBL4167347,CCCCCOC(=O)N[C@]1(C)CC[C@]2(C)CC[C@]3(C)C4=CC=C5C(=CC(=O)C(O)=C5C)[C@]4(C)CC[C@@]3(C)[C@@H]2C1,6.494850021680094,active
CHEMBL517794,C=C[C@]1(C)[C@@H](C(=C)C=O)[C@@H](OC(=O)C(C)(C)O)[C@@H]2C(=C)C(=O)O[C@H]1[C@H]2OC(C)=O,6.494850021680094,active
CHEMBL289228,Cn1cncc1[C@@](N)(c1ccc(Cl)cc1)c1ccc2c(c1)c(-c1cccc(Cl)c1)cc(=O)n2C,6.4943074925878,active
CHEMBL2380845,O=C(Nc1ccc(Nc2ccnc3[nH]c(=O)c4ccccc4c23)cc1)c1ccccc1,6.482804102050026,active
CHEMBL4167018,COC(=O)N[C@]1(C)CC[C@]2(C)CC[C@]3(C)C4=CC(=O)c5c(cc(OC(C)=O)c(OC(C)=O)c5C)[C@]4(C)CC[C@@]3(C)[C@@H]2C1,6.481486060122113,active
CHEMBL4216597,CC1=C(O)C(=O)C=C2C1=CC=C1[C@@]3(C)CC[C@@]4(C)CC[C@@](C)(NC(=O)NCCc5cccc(Cl)c5)C[C@H]4[C@]3(C)CC[C@@]21C,6.455931955649724,active
CHEMBL438850,COC1=CC(=O)c2c(COc3ccc([N+](=O)[O-])cc3)c(C)n(C)c2C1=O,6.449771646944906,active
CHEMBL4169367,CC(=O)Oc1cc2c(c(C)c1OC(C)=O)C(=O)C=C1[C@@]3(C)CC[C@@]4(C)CC[C@@](C)(C(N)=O)C[C@H]4[C@]3(C)CC[C@]12C,6.443697499232712,active
CHEMBL388978,CN[C@@H]1C[C@H]2O[C@@](C)([C@@H]1OC)n1c3ccccc3c3c4c(c5c6ccccc6n2c5c31)C(=O)NC4,6.431798275933005,active
CHEMBL2380830,O=C(Nc1ccc(Nc2ccnc3[nH]c(=O)c4ccccc4c23)cc1)c1ccc(F)cc1F,6.42712839779952,active
CHEMBL2041933,NC(=O)Nc1cc(-c2cccc(F)c2)sc1C(=O)N[C@H]1CCCNC1,6.42600347722065,active
CHEMBL4177211,CC(=O)Oc1cc2c(c(C)c1OC(C)=O)C(=O)C=C1[C@@]3(C)CC[C@@]4(C)CC[C@@](C)(C=O)C[C@H]4[C@]3(C)CC[C@]12C,6.42021640338319,active
CHEMBL4061865,COc1cc2c(c(OC)c1OC)-c1cc3cc(CCO)oc3cc1C(=O)CC2,6.3979400086720375,active
CHEMBL242114,COc1cccc(/C=N/NC(N)=S)c1O,6.3979400086720375,active
CHEMBL4085197,COc1cc2c(c(OC)c1OC)-c1cc3cc(CCO)oc3cc1C(O)CC2,6.3979400086720375,active
CHEMBL519491,O=C(CCCCCCC(=O)Nc1ccc(-c2cn(-c3ccccc3)nn2)cc1)NO,6.3979400086720375,active
CHEMBL4545956,CCOC(OCC)c1ccc(CC2CN(C)CC(Cc3ccc(C(OCC)OCC)cc3)C2=NO)cc1,6.3979400086720375,active
CHEMBL4174559,CCCOC(=O)N[C@]1(C)CC[C@]2(C)CC[C@]3(C)C4=CC=C5C(=CC(=O)C(O)=C5C)[C@]4(C)CC[C@@]3(C)[C@@H]2C1,6.3979400086720375,active
CHEMBL4218069,CC1=C(O)C(=O)C=C2C1=CC=C1[C@@]3(C)CC[C@@]4(C)CC[C@@](C)(NC(=O)Nc5ccccc5)C[C@H]4[C@]3(C)CC[C@@]21C,6.3979400086720375,active
CHEMBL2380824,O=C(Nc1ccc(Nc2ccnc3[nH]c(=O)c4ccccc4c23)cc1)c1ccccc1C(F)(F)F,6.392544976785332,active
CHEMBL2380832,O=C(Nc1ccc(Nc2ccnc3[nH]c(=O)c4ccccc4c23)cc1)c1ccc(F)c(F)c1,6.388276691992658,active
CHEMBL235531,COC1=CC(=O)c2c(COc3ccccc3)c(C)n(C)c2C1=O,6.388276691992658,active
CHEMBL4204906,CC1=C(O)C(=O)C=C2C1=CC=C1[C@@]3(C)CC[C@@]4(C)CC[C@@](C)(NC(=O)NCCc5ccccc5)C[C@H]4[C@]3(C)CC[C@@]21C,6.3872161432802645,active
CHEMBL4208743,CNC(=O)N[C@]1(C)CC[C@]2(C)CC[C@]3(C)C4=CC=C5C(=CC(=O)C(O)=C5C)[C@]4(C)CC[C@@]3(C)[C@@H]2C1,6.3872161432802645,active
CHEMBL445813,O=C(NC1CCNCC1)c1n[nH]cc1NC(=O)c1c(Cl)cccc1Cl,6.386158178123931,active
CHEMBL236819,COC1=CC(=O)c2c(COc3ccc([N+](=O)[O-])cc3F)c(C)n(C)c2C1=O,6.379863945026242,active
CHEMBL101299,N[C@H]1CCN(c2c(F)cc3c(=O)c(C(=O)O)cn4c5ccccc5oc2c34)C1,6.376750709602099,active
CHEMBL382593,CCc1nc2c(o1)C(=O)C(NCCN(C)C)=CC2=O,6.356547323513812,active
CHEMBL3126004,C[C@H](NP(=O)(OC[C@H]1O[C@@H](n2ccc(N)nc2=O)C(F)(F)[C@@H]1O)Oc1ccccc1)C(=O)OCc1ccccc1,6.356547323513812,active
CHEMBL516877,C=C1C(=O)O[C@H]2[C@@H](OC(C)=O)[C@@H]1[C@H](OC(=O)C(C)(C)O)[C@H](C(=C)C=O)[C@@]2(C)[C@@H]1CO1,6.356547323513812,active
CHEMBL199359,CCc1nc2c(o1)C(O)=C/C(=N\CCN(C)C)C2=O,6.356547323513812,active
CHEMBL4203982,CC1=C(O)C(=O)C=C2C1=CC=C1[C@@]3(C)CC[C@@]4(C)CC[C@@](C)(NC(=O)NCc5ccc(C)cc5)C[C@H]4[C@]3(C)CC[C@@]21C,6.346787486224656,active
CHEMBL351001,CCCNP(=O)(OCc1ccc([N+](=O)[O-])o1)N(CCCl)CCCl,6.346787486224656,active
CHEMBL4227747,Cc1c(-c2ccc(-c3ccccc3F)cc2)nc2cnc(C(F)(F)F)cc2c1C(=O)O,6.342944147142896,active
CHEMBL301982,CC1=C(O)C(=O)C=C2C1=CC=C1[C@@]3(C)CC[C@@]4(C)CC[C@@](C)(C(=O)O)C[C@H]4[C@]3(C)CC[C@@]21C,6.337242168318426,active
CHEMBL3126175,C[C@H](NP(=O)(OC[C@H]1O[C@@H](n2ccc(N)nc2=O)C(F)(F)[C@@H]1O)Oc1cccc2ccccc12)C(=O)OC1CCCC1,6.337242168318426,active
CHEMBL1093860,COc1ccc(-c2[nH][nH]c(=O)c2-c2cc(OC)c(OC)c(OC)c2)cc1O,6.335358024443875,active
CHEMBL217354,CC(C)c1ccccc1Cc1cc(C(=O)Nc2ccc(S(=O)(=O)c3ccccc3C(C)(C)C)cc2)c(O)c(O)c1O,6.319564764438253,active
CHEMBL4165936,CC(=O)Oc1cc2c(c(C)c1OC(C)=O)C(=O)C=C1[C@@]3(C)CC[C@@]4(C)CC[C@@](C)(CO)C[C@H]4[C@]3(C)CC[C@]12C,6.318758762624412,active
CHEMBL564906,COc1ccc(-c2noc(-c3ccc(O)cc3)n2)cc1OC1CCCC1,6.318758762624412,active
CHEMBL4065858,O=C1N[C@](c2ccc(N3CCOCC3)cc2)(c2ccsc2)CC(O)=C1Sc1ccccc1Cl,6.318758762624412,active
CHEMBL1084969,CC(=O)N1CCN(c2ccc(Nc3nccc(-c4sc(N)nc4C)n3)cc2)CC1,6.30715308072277,active
CHEMBL237619,COC1=CC(=O)c2c(COc3ccc(F)cc3)c(C)n(C)c2C1=O,6.30715308072277,active
CHEMBL4464785,COc1ccc(/C=C/C(=O)c2ccc(NC(=O)c3cc4cc5ccccc5nc4s3)cc2)cc1OC,6.301029995663981,active
CHEMBL483693,O=C(CCCCCCC(=O)Nc1cccc(-c2cn(Cc3ccccc3)nn2)c1)NO,6.301029995663981,active
CHEMBL483494,O=C(CCCCCCC(=O)Nc1ccc(-c2cn(Cc3ccc(F)cc3)nn2)cc1)NO,6.301029995663981,active
CHEMBL3216681,CC(C)NC(=N)c1ccc(-c2ccc(-c3nc4ccc(C(=N)NC(C)C)cc4s3)o2)cc1.Cl.Cl,6.301029995663981,active
CHEMBL596160,COc1ccc2c(c1)SC1=N/C(=C\c3oc4ccccc4[n+]3C)C=C(C)N12.[O-][Cl+3]([O-])([O-])[O-],6.301029995663981,active
CHEMBL251833,CC(C)[C@@H]1NC(=O)c2coc(n2)-c2coc(n2)-c2coc(n2)[C@H](C(C)C)NC(=O)c2coc(n2)-c2coc(n2)-c2coc1n2,6.301029995663981,active
CHEMBL4211213,CCCCC(=O)OCC#Cc1ncccc1C#CC[S+]([O-])c1c(F)c(F)c(F)c(F)c1F,6.301029995663981,active
CHEMBL357217,COC1=CC(=O)c2c(c(COc3ccc([N+](=O)[O-])cc3)c(C)n2C)C1=O,6.29413628771608,active
CHEMBL596136,CC1=C/C(=C/c2sc3ccccc3[n+]2C)N=C2Sc3cc(OCCO)ccc3N12.[O-][Cl+3]([O-])([O-])[O-],6.292429823902063,active
CHEMBL138865,COc1ccc2c(c1)sc1c(=O)n(CCCN(C)C)c3ccccc3c12,6.292429823902063,active
CHEMBL1807120,CC(=O)N(/N=N/c1ccc([N+](=O)[O-])cc1Cl)c1ccc([N+](=O)[O-])cc1Cl,6.2839966563652006,active
CHEMBL4174287,CC1=C(O)C(=O)C=C2C1=CC=C1[C@@]3(C)CC[C@@]4(C)CC[C@@](C)(N=C=O)C[C@H]4[C@]3(C)CC[C@@]21C,6.275724130399211,active
CHEMBL3659991,CC1CN(c2ccc3nc(-c4n[nH]c5ccc(NC(=O)C6CC6(F)F)cc45)[nH]c3c2)CCO1,6.272458742971444,active
CHEMBL558299,COc1ccc(-c2noc(C3CCNCC3)n2)cc1OC1CCCC1,6.267606240177032,active
CHEMBL4213683,CCNC(=O)N[C@]1(C)CC[C@]2(C)CC[C@]3(C)C4=CC=C5C(=CC(=O)C(O)=C5C)[C@]4(C)CC[C@@]3(C)[C@@H]2C1,6.259637310505756,active
CHEMBL1093861,COc1ccc(-c2[nH][nH]c(=O)c2-c2cc(OC)c(OC)c(OC)c2)cc1F,6.2549252084179425,active
CHEMBL4173484,CC(=O)Oc1cc2c(c(C)c1OC(C)=O)CC=C1[C@@]3(C)CC[C@@]4(C)CC[C@@](C)(C(=O)O)C[C@H]4[C@]3(C)CC[C@]12C,6.251811972993799,active
CHEMBL4209268,CC1=C(O)C(=O)C=C2C1=CC=C1[C@@]3(C)CC[C@@]4(C)CC[C@@](C)(NC(=O)NCc5ccc(F)cc5)C[C@H]4[C@]3(C)CC[C@@]21C,6.251811972993799,active
CHEMBL4215659,CC1=C(O)C(=O)C=C2C1=CC=C1[C@@]3(C)CC[C@@]4(C)CC[C@@](C)(NC(=O)Nc5ccccc5N)C[C@H]4[C@]3(C)CC[C@@]21C,6.251811972993799,active
CHEMBL398015,COC1=CC(=O)c2c(c(COc3cccnc3)c(C)n2C)C1=O,6.250263684430939,active
CHEMBL3126177,C[C@H](NP(=O)(OC[C@H]1O[C@@H](n2ccc(N)nc2=O)C(F)(F)[C@@H]1O)Oc1cccc2ccccc12)C(=O)OCc1ccccc1,6.2441251443275085,active
CHEMBL1090583,COc1ccc(-c2[nH][nH]c(=O)c2-c2cc(OC)c(OC)c(OC)c2)cc1,6.2403321553103694,active
CHEMBL4171122,COC(=O)N[C@]1(C)CC[C@]2(C)CC[C@]3(C)C4=CC=C5C(=CC(=O)C(O)=C5C)[C@]4(C)CC[C@@]3(C)[C@@H]2C1,6.236572006437063,active
CHEMBL383264,N[C@H](COc1cncc(-c2ccc3cnccc3c2)c1)Cc1c[nH]c2ccccc12,6.229147988357855,active
CHEMBL483495,O=C(CCCCCCC(=O)Nc1ccc(-c2cn(CC(O)c3cccc(Br)c3)nn2)cc1)NO,6.221848749616356,active
CHEMBL4540891,CC#CC#CC(=O)c1ccccc1,6.221848749616356,active
CHEMBL523435,COc1cccc2c(C3=C(c4cn(C)c5cc(I)c(F)cc45)C(=O)NC3=O)coc12,6.221848749616356,active
CHEMBL522881,Oc1ccc2ccccc2c1/C=N/NC(=S)Nc1ccccc1,6.221848749616356,active
CHEMBL1088345,CC(C)(C)c1ccc(-n2cc(-c3cccc(NC(=O)CCCCCCC(=O)NO)c3)nn2)cc1,6.221848749616356,active
CHEMBL2363137,Cc1cc([N+](=O)[O-])ccc1NS(=O)(=O)c1cc(Cl)ccc1Cl,6.221385749058748,active
CHEMBL1083786,CC(=O)N1CCN(c2ccc(Nc3nccc(-c4sc(C)nc4C)n3)cc2)CC1,6.218963061378868,active
CHEMBL1083484,Cc1nc(C)c(-c2ccnc(Nc3ccc(N4CCN(S(C)(=O)=O)CC4)cc3)n2)s1,6.216096420727265,active
CHEMBL1083785,CNc1nc(C)c(-c2ccnc(Nc3ccc(N4CCN(C(C)=O)CC4)cc3)n2)s1,6.206209615309181,active
CHEMBL4209285,CC1=C(O)C(=O)C=C2C1=CC=C1[C@@]3(C)CC[C@@]4(C)CC[C@@](C)(NC(N)=O)C[C@H]4[C@]3(C)CC[C@@]21C,6.200659450546418,active
CHEMBL4228652,C[C@H](NP(=O)(OC[C@H]1O[C@@H](n2c(I)c(F)c(=O)[nH]c2=O)[C@H](O)[C@@H]1O)Oc1cccc2ccccc12)C(=O)OCc1ccccc1,6.200659450546418,active
CHEMBL4216711,COc1c(O)cc(O)c2c1C(=O)c1cc(C)ncc1C2=O,6.1938200260161125,active
CHEMBL4446403,CCc1c2c(nc3ccc(OC(=O)N4CCC(NC(=O)c5noc(-c6cc(C(C)C)c(O)cc6O)c5-c5ccc(CN6CCOCC6)cc5)CC4)cc13)-c1cc3c(c(=O)n1C2)COC(=O)[C@]3(O)CC,6.1911141326401875,active
CHEMBL4213144,CCCNC(=O)N[C@]1(C)CC[C@]2(C)CC[C@]3(C)C4=CC=C5C(=CC(=O)C(O)=C5C)[C@]4(C)CC[C@@]3(C)[C@@H]2C1,6.180456064458132,active
CHEMBL4083642,Cc1nc(C)c(/C=C2\CN(C)C/C(=C\c3nc(C)c(C)nc3C)C2=O)nc1C,6.154901959985743,active
CHEMBL454401,COc1cc(O)cc(/C=C\c2ccc(OC)c(N)c2)c1.Cl,6.154901959985743,active
CHEMBL469274,CC(C)(C)OC(=O)Nc1cccc(-c2cc(C(=O)NCCCCCCC(=O)NO)no2)c1,6.154901959985743,active
CHEMBL2380827,O=C(Nc1ccc(Nc2ccnc3[nH]c(=O)c4ccccc4c23)cc1)c1ccc(F)cc1,6.1432711096171175,active
CHEMBL1092797,Cc1c(O)c(O)cc2c1CC=C1[C@@]3(C)CC[C@@]4(C)CC[C@@](C)(C(=O)O)C[C@H]4[C@]3(C)CC[C@]12C,6.142667503568731,active
CHEMBL561248,COc1ccc(-c2noc(-c3ccc(Cl)cc3)n2)cc1OC1CCCC1,6.130768280269024,active
CHEMBL1806792,Cl.c1cnc2nc3ccc4ccc(C5=NCCN5)cc4n3c2c1,6.130768280269024,active
CHEMBL206073,O=C(NC(=O)c1ccccc1[N+](=O)[O-])Nc1ccc(Oc2ncc(Br)cn2)cc1,6.130768280269024,active
CHEMBL4163906,CCOC(=O)N[C@]1(C)CC[C@]2(C)CC[C@]3(C)C4=CC=C5C(=CC(=O)C(O)=C5C)[C@]4(C)CC[C@@]3(C)[C@@H]2C1,6.107905397309519,active
CHEMBL4159441,CC1=C(O)C(=O)C=C2C1=CC=C1[C@@]3(C)CC[C@@]4(C)CC[C@@](C)(NC(=O)OC(C)C)C[C@H]4[C@]3(C)CC[C@@]21C,6.096910013008056,active
CHEMBL4462971,COc1ccc2nc3sc(C(=O)Nc4ccc(C(=O)/C=C/c5ccc(OC)c(OC)c5)cc4)cc3cc2c1,6.096910013008056,active
CHEMBL1091815,O=C(CCCCCCC(=O)Nc1cccc(-c2cn(-c3cc(F)cc(F)c3)nn2)c1)NO,6.096910013008056,active
CHEMBL1164216,COc1ccc(OC)c(/C=C(\C#N)c2nc3ccccc3[nH]2)c1,6.096910013008056,active
CHEMBL2047535,O=C(CCCC[C@@H]1CCSS1)Oc1ccccc1C(=O)OCCCCO[N+](=O)[O-],6.096910013008056,active
CHEMBL2087832,COc1ccc(N/C=C\C(=O)c2cc(OC)c(OC)c(OC)c2Br)cc1O,6.096910013008056,active
CHEMBL4209769,COCCOCOCC#Cc1ncccc1C#CC[S+]([O-])c1c(F)c(F)c(F)c(F)c1F,6.096910013008056,active
CHEMBL521616,COc1cc(/C=C\c2ccc3[nH]cnc3c2)cc(OC)c1,6.096910013008056,active
CHEMBL483893,O=C(CCCCCCC(=O)Nc1cccc(-c2cn(CC(O)c3cccc(Br)c3)nn2)c1)NO,6.096910013008056,active
CHEMBL2380833,O=C(Nc1ccc(Nc2ccnc3[nH]c(=O)c4ccccc4c23)cc1)c1cc(F)cc(F)c1,6.08460016478773,active
CHEMBL4076972,CCc1ccc(C2CC=CC(=O)O2)c2ccccc12,6.080921907623926,active
CHEMBL306688,Cc1cc(NC(=O)NC(=O)c2ccccc2N(C)C)ccc1Oc1ncc(Br)cn1,6.070581074285707,active
CHEMBL4204918,CC1=C(O)C(=O)C=C2C1=CC=C1[C@@]3(C)CC[C@@]4(C)CC[C@@](C)(NC(=O)NO)C[C@H]4[C@]3(C)CC[C@@]21C,6.070581074285707,active
CHEMBL4553956,O=C(Cc1ccc2ccccc2c1)Nc1cc(C2CCC2)[nH]n1,6.064996848546345,active
CHEMBL603469,C[C@]12O[C@H](C[C@]1(O)CO)n1c3ccccc3c3c4c(c5c6ccccc6n2c5c31)CNC4=O,6.064573353162321,active
CHEMBL1085626,Cc1nc(C)c(-c2ccnc(Nc3ccc(N4CCOCC4)cc3)n2)s1,6.059981844992337,active
CHEMBL210954,CC(C)(Cc1ccco1)C1C(=O)Nc2ccc(-c3cncc(OC[C@@H](N)Cc4c[nH]c5ccccc45)c3)cc21,6.055517327849832,active
CHEMBL1094708,Nc1ccc(-n2cc(-c3cccc(NC(=O)CCCCCCC(=O)NO)c3)nn2)cc1,6.055517327849832,active
CHEMBL1088734,O=C(CCCCCCC(=O)Nc1cccc(-c2cn(-c3ccc(C(F)(F)F)cc3)nn2)c1)NO,6.045757490560675,active
CHEMBL4447196,COc1ccc(/C=C/C(=O)c2ccc(NC(=O)c3cc4cc5cc(C)ccc5nc4s3)cc2)cc1OC,6.045757490560675,active
CHEMBL559257,c1cncc(-c2nnc(-c3c[nH]c4ccccc34)o2)c1,6.045757490560675,active
CHEMBL468842,CC(=O)Nc1ccc(-c2cc(C(=O)NCCCCCCC(=O)NO)no2)cc1,6.045757490560675,active
CHEMBL4069321,O=C1C(Nc2ccc(-c3ccccc3)cc2)=CC(=O)c2ncncc21,6.045757490560675,active
CHEMBL9514,COC(=O)Nc1nc2ccc(C(=O)c3cccs3)cc2[nH]1,6.040958607678906,active
CHEMBL2380825,O=C(Nc1ccc(Nc2ccnc3[nH]c(=O)c4ccccc4c23)cc1)c1cccc(F)c1,6.036684488613889,active
CHEMBL1796213,Nc1ncn(C/C=C2\OC(=O)C(OCc3ccccc3)=C2OCc2ccccc2)c(=O)n1,6.036212172654444,active
CHEMBL208272,Nc1ccccc1C(=O)NC(=O)Nc1ccc(Oc2ncc(Br)cn2)cc1,6.036212172654444,active
CHEMBL1801204,COc1ccc(-c2ccc3c(N4CCOC[C@@H]4C)nc(N4CCOC[C@@H]4C)nc3n2)cc1CO,6.031881451265084,active
CHEMBL98,O=C(CCCCCCC(=O)Nc1ccccc1)NO,6.022678874987731,active
CHEMBL502569,Cc1ccc([C@H]2CC=CC(=O)O2)c2ccccc12,6.017728766960431,active
CHEMBL94277,COC1=CC(=O)c2c(c(COc3ccccc3)c(C)n2C)C1=O,6.016824927962187,active
CHEMBL191384,N#C/C(=C1/Nc2ccccc2S1)c1ccnc(NCCc2cccnc2)n1,6.0107727262694635,active
CHEMBL4211746,COc1cc(O)cc2c1C(=O)c1cnc(C)cc1C2=O,6.008773924307505,active
CHEMBL1086088,CCNc1nc(C)c(-c2ccnc(Nc3cc(OC)c(OC)c(OC)c3)n2)s1,6.002613615602686,active
CHEMBL513160,O=C(CCCCOCc1cc(-c2ccccc2)on1)NO,6.0,active
CHEMBL500064,Cl.O=C(Nc1ccc(C2=NCCN2)cn1)c1sc2ccccc2c1Cl,6.0,active
CHEMBL70309,CNc1ccccc1C(=O)NC(=O)Nc1ccc(Oc2ncc(Br)cn2)c(C)c1,6.0,active
CHEMBL240182,Cl.c1ccc2c(c1)ccc1nc3ccc(C4=NCCN4)cc3n12,6.0,active
CHEMBL550011,CN(C)CCN(Cc1ccc(Cl)cc1)c1ccccn1.Cl,6.0,active
CHEMBL488747,O=C(CCCCCCC(=O)Nc1cccc(-c2cnnn2Cc2ccccc2)c1)NO,6.0,active
CHEMBL487533,O=C(CCCCCCC(=O)Nc1ccc(-c2cn(Cc3ccccc3)nn2)cc1)NO,6.0,active
CHEMBL2393183,Nc1ccc(CNC(=O)Nc2ccc(S(=O)(=O)c3ccccc3)cc2)cn1,6.0,active
CHEMBL4170738,CC1=C(O)C(=O)C=C2C1=CC=C1[C@@]3(C)CC[C@@]4(C)CC[C@@](C)(NC(=O)OC(C)(C)CO)C[C@H]4[C@]3(C)CC[C@@]21C,6.0,active
CHEMBL336688,CN(C)CCCn1c(=O)c2sc3cc(C(=O)Nc4ccccc4)ccc3c2c2ccccc21,6.0,active
CHEMBL4588486,COc1ccc2nc3sc(C(=O)Nc4ccc(C(=O)/C=C/c5cc(OC)c(OC)c(OC)c5)cc4)cc3cc2c1,6.0,active
CHEMBL4214165,[O-][S+](CC#Cc1cccnc1C#CCOC1CCCCO1)c1c(F)c(F)c(F)c(F)c1F,6.0,active
CHEMBL1270737,C=C1C(=O)O[C@@H](c2ccc3ccccc3c2)[C@H]1c1ccccc1,6.0,active
CHEMBL336456,COC(=O)c1ccc2c(c1)sc1c(=O)n(CCCN(C)C)c3ccccc3c12,6.0,active
CHEMBL204347,CN1CCN(C(=O)c2ccc3c(NC4CCN(Cc5ccccc5)CC4)c4ccccc4nc3c2)CC1,6.0,active
CHEMBL4086093,O=C(CCCCCCC(=O)Nc1ccccc1CN1CC[C@H](O)C1)NO,6.0,active
CHEMBL504777,Cl.O=c1[nH]c2ncc(C3=NCCN3)cc2c2c1sc1ccccc12,6.0,active
CHEMBL1171837,Cc1ccc(C(=O)Nc2ccc(CN3CCN(C)CC3)c(C(F)(F)F)c2)cc1C#Cc1cnc2cccnn12,5.994069132780788,active
CHEMBL228191,CC#Cc1cn(C/C=C2\OC(=O)C(OCc3ccccc3)=C2OCc2ccccc2)c(=O)[nH]c1=O,5.973571162057962,active
CHEMBL141921,Cc1ccc2c(c1)sc1c(=O)n(CCCN(C)C)c3ccccc3c12,5.958607314841775,active
CHEMBL1448,O=C(Nc1ccc([N+](=O)[O-])cc1Cl)c1cc(Cl)ccc1O,5.958607314841775,active
CHEMBL1230165,O=C(O)c1ccc2c(c1)nc(Nc1cccc(Cl)c1)c1ccncc12,5.958607314841775,active
CHEMBL4213146,CCc1c2cc(C(F)(F)F)ccc2n2cc(Cc3ccccc3)[nH]c(=O)c12,5.958607314841775,active
CHEMBL450152,C=C(C)[C@@H]1CC[C@]2(C(=O)NCC(=O)O)CC[C@]3(C)[C@H](CC[C@@H]4[C@@]5(C)Cc6c([nH]c7ccccc67)C(C)(C)[C@@H]5CC[C@]43C)[C@@H]12,5.940969691542841,active
CHEMBL2380838,COc1cccc(F)c1C(=O)Nc1ccc(Nc2ccnc3[nH]c(=O)c4ccccc4c23)cc1,5.924453038607469,active
CHEMBL485043,COC1CCC[C@H](C)OC(=O)Cc2cc(O)cc(O)c2C(=O)C1,5.920818753952375,active
CHEMBL565493,CC(/C=C/[C@@H]1C[C@]2(CO2)CC(C)(C)O1)=C\C[C@H]1CC[C@@H](NC(=O)/C=C\[C@H](C)OC(=O)C(C)C)CC1,5.920818753952375,active
CHEMBL266971,C1=C(CCC[n+]2ccccc2)\C=N\c2ccccc2N/C=C(CCC[n+]2ccccc2)\C=N\c2ccccc2N/1.[Br-].[Br-],5.920818753952375,active
CHEMBL4081890,NS(=O)(=O)c1ccc(Cc2c(-c3cccc(-c4ccccc4)c3)nn(-c3nc(C(=O)O)cs3)c2CC2CC2)cc1,5.91721462968355,active
CHEMBL4071114,C=C(C)[C@@H]1CC[C@]2(C(=O)O)CC[C@]3(C)[C@H](CC[C@@H]4[C@@]5(C)C/C(=C\c6ccc(F)cc6)[C@H](O)C(C)(C)[C@@H]5CC[C@]43C)[C@@H]12,5.91721462968355,active
CHEMBL1084454,Cc1nc(C)c(-c2ccnc(Nc3ccc(N)cc3)n2)s1,5.910801633194851,active
CHEMBL137885,CN(C)CCCn1c(=O)c2sc3cc([N+](=O)[O-])ccc3c2c2ccccc21,5.903089986991944,active
CHEMBL1956073,C[C@@H](c1ccccc1)[C@@H](C(=O)Nc1ccc(I)cc1F)N1C(=O)N[C@H](c2ccc(OC[C@H](O)CO)cc2)C1=O,5.903089986991944,active
CHEMBL2069884,CN1CCN(CCc2ccc(-c3ncc(-c4cccc(-c5cnc(-c6ccc(CCN7CCN(C)CC7)cc6)o5)c4)o3)cc2)CC1,5.903089986991944,active
CHEMBL4207316,CCc1c(C(=O)NC(CO)Cc2ccccc2)[nH]c2ccc(C(F)(F)F)cc12,5.886056647693163,active
CHEMBL4100075,Cc1nc(C)c(/C=C2\CC(C)C/C(=C\c3nc(C)c(C)nc3C)C2=O)nc1C,5.886056647693163,active
CHEMBL4289082,COc1ccc2nc(-c3ccc(N/C=C\C(=O)c4ccc(OC)c(F)c4)cc3)sc2c1,5.886056647693163,active
CHEMBL4226832,CCCCCOC(=O)[C@H](C)NP(=O)(OC[C@H]1O[C@@H](n2c(I)c(F)c(=O)[nH]c2=O)[C@H](O)[C@@H]1O)Oc1ccccc1,5.882728704344236,active
CHEMBL481,CCc1c2c(nc3ccc(OC(=O)N4CCC(N5CCCCC5)CC4)cc13)-c1cc3c(c(=O)n1C2)COC(=O)[C@]3(O)CC,5.876475019057268,active
CHEMBL3335794,COc1ncc(-c2ccc3c(Nc4cc(Oc5cc(F)cc(F)c5)cc(C(=O)O)c4)c(S(=O)(=O)NC4CC4)cnc3c2)c(OC)n1,5.863279432843593,active
CHEMBL585951,Fc1cc(-c2cc[nH]/c(=N/c3ccc(-n4cnc(N5CCOCC5)n4)cc3)n2)cc(N2CCOCC2)c1,5.854328213100309,active
CHEMBL4103362,O=C1C(Nc2ccc(OC(F)(F)F)cc2)=CC(=O)c2ncncc21,5.853871964321762,active
CHEMBL564426,COc1cc(-c2nnc(-c3cn(C)c4ccccc34)o2)ccc1OCc1ccccc1,5.853871964321762,active
CHEMBL4063903,Cc1cccc(CCCc2ccc(C3CC=CC(=O)O3)c3ccccc23)c1,5.853871964321762,active
CHEMBL142064,CN(C)CCCn1c(=O)c2sc3ccccc3c2c2ccccc21,5.853871964321762,active
CHEMBL4211503,CC(=O)Oc1cc2c(c(C)c1OC(C)=O)CC=C1[C@@]3(C)CC[C@@]4(C)CC[C@@](O)(N=C=O)C[C@H]4[C@]3(C)CC[C@]12C,5.85078088734462,active
CHEMBL3126002,C[C@H](NP(=O)(OC[C@H]1O[C@@H](n2ccc(N)nc2=O)C(F)(F)[C@@H]1O)Oc1ccccc1)C(=O)OCC(C)(C)C,5.85078088734462,active
CHEMBL4162536,CC(=O)Oc1cc2c(c(C)c1OC(C)=O)CC=C1[C@@]3(C)CC[C@@]4(C)CC[C@@](C)(N=C=O)C[C@H]4[C@]3(C)CC[C@]12C,5.85078088734462,active
CHEMBL803,Nc1ccn([C@@H]2O[C@H](CO)[C@@H](O)[C@@H]2O)c(=O)n1,5.827216150444719,active
CHEMBL4060096,CCCc1ccc(C2CC=CC(=O)O2)c2ccccc12,5.823908740944319,active
CHEMBL4566049,O/N=C(\CCCN1CCCN(c2ccc(Cl)cc2)CC1)c1ccc(F)cc1,5.823908740944319,active
CHEMBL4067409,COc1cc(NC2=CC(=O)c3ncncc3C2=O)cc(OC)c1OC,5.823908740944319,active
CHEMBL1254246,COc1cc(-c2nnc(-c3c[nH]c4ccc(Br)cc34)s2)ccc1OCc1ccccc1,5.823908740944319,active
CHEMBL4075241,COc1cc(Cl)c(/C=C2\CN(C(C)C)C/C(=C\c3nc(C)c(C)nc3C)C2=O)cc1OC,5.823908740944319,active
CHEMBL570570,O=c1oc2c3c(ccc2c(O)c1Cc1c(O)c2ccc4c(c2oc1=O)CCCC4)CCCC3,4.031517051446065,inactive
CHEMBL2261785,Cc1cn(C/C=C\CN)c(=O)[nH]c1=O.Cl,4.029932203450863,inactive
CHEMBL4081923,C=C(C(=O)OC)C(OC(=O)c1ccccc1)c1ccccc1,4.023191662661934,inactive
CHEMBL1834035,COc1ccc2c(-c3nsc(-c4c[nH]c5cc(OC)ccc45)n3)c[nH]c2c1,4.020907099361674,inactive
CHEMBL258844,O=c1[nH]c2ccccc2n1C1CCN(Cc2ccc(-c3nc4cc5[nH]cnc5cc4nc3-c3ccccc3)cc2)CC1,4.018742942081549,inactive
CHEMBL223784,COCOc1cc(C2=C(c3cc(OC)c(OC)c(OC)c3)C(=O)CC2O[SiH2]C(C)(C)C)ccc1OC,4.01423483527869,inactive
CHEMBL2315755,Cl.O=C(Nc1nc2ccc(C3=NCCN3)cc2s1)c1cc2ccccc2o1,4.012780770091995,inactive
CHEMBL406137,C/C1=C\[C@H]2OC(=O)[C@@H](CN3CCN(C/C=C/c4ccccc4)CC3)[C@@H]2CC/C(C)=C/CC1,4.004803708402821,inactive
CHEMBL1798010,COc1ccc(-c2noc(C3CCCC3)n2)cc1OC1CCCC1,4.0034883278458215,inactive
CHEMBL1784018,CN(C)c1ccc(/C=N/c2nc3ccc([N+](=O)[O-])cc3[nH]2)cc1,4.002963289117473,inactive
CHEMBL225116,COc1cc(C2=C(c3ccc(SC)cc3)CC(O)/C2=N/O)cc(OC)c1OC,4.001603924149798,inactive
CHEMBL1224502,Cc1cn(C/C=C\CNC(=O)c2ccccc2)c(=O)[nH]c1=O,4.0,inactive
CHEMBL3216533,CC(C)NC(=N)c1ccc(NC(=O)c2cccc(C(=O)Nc3ccc(C(=N)NC(C)C)cc3)n2)cc1.Cl.Cl,4.0,inactive
CHEMBL396569,Cl.N=C(N)c1ccc2nc(/C=C/c3ccccc3)[nH]c2c1,4.0,inactive
CHEMBL2036523,NC(=O)c1ncn(CCC2(O)NC(=O)C(OCc3ccccc3)=C2OCc2ccccc2)c1C(N)=O,4.0,inactive
CHEMBL3215888,Cl.Cl.N=C(N)c1ccc2nc(-c3cccc(-c4nc5ccc(C(=N)N)cc5s4)n3)sc2c1,4.0,inactive
CHEMBL376080,COC(=O)[C@H](NC(=O)CN1CCOCCOCCN(CC(=O)N[C@@H](C(=O)OC)c2ccccc2)CCOCCOCC1)c1ccccc1,4.0,inactive
CHEMBL500883,Cn1ccc(N)nc1=O,4.0,inactive
CHEMBL1784012,Cc1ccc2nc(/N=C/c3ccco3)[nH]c2c1,4.0,inactive
CHEMBL1784013,N#Cc1ccc2nc(/N=C/c3cccs3)[nH]c2c1,4.0,inactive
CHEMBL3216534,CC(C)NC(=N)c1ccc(C(=O)Nc2cccc(NC(=O)c3ccc(C(=N)NC(C)C)cc3)n2)cc1.Cl.Cl,4.0,inactive
CHEMBL1796223,NC1(CCn2cc(F)c(=O)[nH]c2=O)OC(=O)C(OCc2ccccc2)=C1OCc1ccccc1,4.0,inactive
CHEMBL228108,O=C1O/C(=C\Cn2cc(-c3ccco3)c(=O)[nH]c2=O)C(O)=C1O,4.0,inactive
CHEMBL366969,CCC(C)C1NC(=O)N(Cc2ccccc2)C1=O,4.0,inactive
CHEMBL1835795,COc1nc(CC(O)(CO)CO)c(C)c(OC)n1,4.0,inactive
CHEMBL176204,CCC(C)C(NC(=O)n1nnc2ccccc21)C(=O)NC1CCCC1,4.0,inactive
CHEMBL1224505,Nc1nc(=O)n(C/C=C\CNC(=O)c2ccccc2)cc1F,4.0,inactive
CHEMBL364721,N#Cc1ccc(NC(=O)c2sc3ccccc3c2Cl)cc1,4.0,inactive
CHEMBL388131,O=C1O/C(=C\Cn2cc(-c3ccc(Cl)o3)c(=O)[nH]c2=O)C(OCc2ccccc2)=C1OCc1ccccc1,4.0,inactive
CHEMBL1224504,Nc1ccn(C/C=C\CNC(=O)c2ccccc2)c(=O)n1,4.0,inactive
CHEMBL1835803,CC(=O)OCC(O)(COC(C)=O)Cc1c(C)c(=O)[nH]c(=O)n1C,4.0,inactive
CHEMBL1796215,Nc1ncn(C/C=C2\OC(=O)C(O)=C2OCc2ccccc2)c(=O)n1,4.0,inactive
CHEMBL175578,CC(C)C(NC(=O)NO)C(=O)NC1CCCC1,4.0,inactive
CHEMBL1796216,Nc1ccn(CCC2(N)OC(=O)C(OCc3ccccc3)=C2OCc2ccccc2)c(=O)n1,4.0,inactive
CHEMBL1784009,C(=N/c1nc2ccccc2[nH]1)\c1ccncc1,4.0,inactive
CHEMBL427872,CCCCCCCCc1cc2cn(C/C=C3\OC(=O)C(OCc4ccccc4)=C3OCc3ccccc3)c(=O)nc2o1,4.0,inactive
CHEMBL1835798,COc1nc(=O)n(C)c(CC(F)(COC(C)=O)COC(C)=O)c1C,4.0,inactive
CHEMBL2069709,CCN(CC)CC(=O)Nc1ccc(-n2cc(-c3ccc4ccc(-c5cn(-c6ccc(NC(=O)CN(CC)CC)cc6)nn5)cc4c3)nn2)cc1,4.0,inactive
CHEMBL373818,c1ccc(CN2CCOCCOCCOCCOCC2)cc1,4.0,inactive
CHEMBL241982,C#CCCCc1cc2cn(C/C=C3\OC(=O)C(OCc4ccccc4)=C3OCc3ccccc3)c(=O)nc2o1,4.0,inactive
CHEMBL1813345,CC(C)C1=C(O)C(=O)c2c(ccc3c2CCCC3(C)C)C1=O,4.0,inactive
CHEMBL1165573,Cc1nc2ccccc2c2ccc(C[C@H](N)C(=O)O)cc12,4.0,inactive
CHEMBL227094,COc1cc(/C=C(/O)c2ccc(F)cc2)nc(OC)n1,4.0,inactive
CHEMBL370746,Cc1ccc(NC(=O)c2sc3cc(C#N)ccc3c2Cl)cc1,4.0,inactive
CHEMBL2261789,Cl.NC/C=C\Cn1cnc2c(Cl)nc(N)nc21,4.0,inactive
CHEMBL474168,CC(C(=O)NCCCO)c1cccc(Oc2ccccc2)c1,4.0,inactive
CHEMBL388835,COc1nc(C)c(Br)c(OC)n1,4.0,inactive
CHEMBL2036520,COC(=O)c1ncn(CC=C2OC(=O)C(O)=C2O)n1,4.0,inactive
CHEMBL2069618,O=C(CN1CCCCC1)Nc1cccc(-n2cc(-c3ccc4ccc(-c5cn(-c6cccc(NC(=O)CN7CCCCC7)c6)nn5)cc4c3)nn2)c1,4.0,inactive
CHEMBL1784011,N#Cc1ccc2nc(/N=C/c3ccco3)[nH]c2c1,4.0,inactive
CHEMBL511046,Cn1cc(CO)c(N)nc1=O,4.0,inactive
CHEMBL453609,COc1cc(NC(C)CCCNC(=O)NC(c2ccccc2)c2ccccc2)c2ncccc2c1,4.0,inactive
CHEMBL452211,Cl.N=C(N)c1ccc2nc(/C=C/c3ccco3)[nH]c2c1,4.0,inactive
CHEMBL493630,CCCCC#Cc1cn(C/C=C\CN2C(=O)c3ccccc3C2=O)c(=O)[nH]c1=O,4.0,inactive
CHEMBL522007,CCCCCc1ccc(C#Cc2cn(C/C=C\CN3C(=O)c4ccccc4C3=O)c(=O)[nH]c2=O)cc1,4.0,inactive
CHEMBL376559,COc1cc(/C=C(\C)c2ccc(F)cc2)nc(OC)n1,4.0,inactive
CHEMBL190073,N#Cc1ccc2c(Cl)c(C(=O)Nc3ccc(Br)cc3)sc2c1,4.0,inactive
CHEMBL361666,COC(=O)c1ccc(NC(=O)c2sc3ccccc3c2Cl)cc1,4.0,inactive
CHEMBL397183,O=C1O/C(=C\Cn2cc3cc(CCc4ccccc4)oc3nc2=O)C(OCc2ccccc2)=C1OCc1ccccc1,4.0,inactive
CHEMBL4098449,COC(=O)C(O)(CO)COC(=O)c1ccccc1,4.0,inactive
CHEMBL233317,Cl.Cn1cccc1-c1nc2cc(C(=N)N)ccc2[nH]1,4.0,inactive
CHEMBL2036519,NC(=O)c1ncn(CCC2(O)NC(=O)C(OCc3ccccc3)=C2OCc2ccccc2)n1,4.0,inactive
CHEMBL2315754,O=C(Nc1nc2ccc([N+](=O)[O-])cc2s1)c1cc2ccccc2o1,4.0,inactive
CHEMBL208654,Cc1c(I)c(=O)[nH]c(=O)n1COC(CO)CO,4.0,inactive
CHEMBL2261788,Cl.NC/C=C\Cn1cnc2c(N)nc(N)nc21,4.0,inactive
CHEMBL1784017,Cc1ccc2nc(/N=C/c3ccc(N(C)C)cc3)[nH]c2c1,4.0,inactive
CHEMBL1163441,Cc1nc2ccccc2c2ccc(C[C@H](N)C(=O)NCC(=O)N[C@@H](Cc3ccc4c(c3)c(C)nc3ccccc34)C(=O)O)cc12,4.0,inactive
CHEMBL155204,C1COCCOCCOCCOCCOCCO1,4.0,inactive
CHEMBL389057,COc1nc(C)c(-c2ccccc2)c(OC)n1,4.0,inactive
CHEMBL425114,OCCN(CCO)Cc1ccccc1,4.0,inactive
CHEMBL190413,COC(=O)c1ccc2c(Cl)c(C(=O)Nc3ccccc3)sc2c1,4.0,inactive
CHEMBL210951,Cc1cc(=O)[nH]c(=O)n1COC(CO)CO,4.0,inactive
CHEMBL425694,CCC(C)C(NC(=O)NO)C(=O)NC1CCCCC1,4.0,inactive
CHEMBL1806782,c1cnc2ccc3nc4ncccc4n3c2c1,4.0,inactive
CHEMBL370287,N#Cc1ccc2c(Cl)c(C(=O)Nc3ccccc3)sc2c1,4.0,inactive
CHEMBL243330,COc1c(C(C)C)cc2c(c1O)[C@@]1(C)CCCC(C)(C)[C@@H]1CC2=O,4.0,inactive
CHEMBL1784014,Cc1ccc2nc(/N=C/c3cccs3)[nH]c2c1,4.0,inactive
CHEMBL470521,Cc1ccc(S(=O)(=O)Nc2ccn(C)c(=O)n2)cc1,4.0,inactive
CHEMBL4105091,COc1cc2ncnc(Nc3cc(-c4ccc(F)cc4)[nH]n3)c2cc1OC,4.0,inactive
CHEMBL1835804,CC(=O)OCC(F)(COC(C)=O)Cc1c(C)c(=O)[nH]c(=O)n1C,4.0,inactive
CHEMBL4099804,COc1cc2ncnc(Nc3cc(-c4ccc(Cl)cc4)[nH]n3)c2cc1OC,4.0,inactive
CHEMBL1224573,Nc1ccn(C/C=C\CNC(=O)c2ccc(F)cc2)c(=O)n1,4.0,inactive
CHEMBL1835800,COc1nc(=O)n(C)c(CC(O)(CO)CO)c1C,4.0,inactive
CHEMBL354908,O=C(NO)NC(Cc1ccccc1)C(=O)N1CCCC1,4.0,inactive
CHEMBL1797175,CC(C)NC(=N)c1ccc(NC(=O)c2ccco2)cc1.Cl,4.0,inactive
CHEMBL389246,C=Cc1cn(C/C=C2\OC(=O)C(O)=C2O)c(=O)[nH]c1=O,4.0,inactive
CHEMBL4070204,COc1cc2ncnc(Nc3cc(O)[nH]n3)c2cc1OC,4.0,inactive
CHEMBL234962,C1=C(CCC[n+]2ccc(-c3ccncc3)cc2)\C=N\c2ccccc2N/C=C(CCC[n+]2ccc(-c3ccncc3)cc2)\C=N\c2ccccc2N/1.[Br-].[Br-],4.0,inactive
CHEMBL1813343,CCO[C@@H]1C[C@H]2C(C)(C)CCC[C@]2(C)C2=C1C(=O)C(C(C)C)=C(O)C2=O,4.0,inactive
CHEMBL359485,CC(C)C(NC(=O)n1nnc2ccccc21)C(=O)NC1CCCCC1,4.0,inactive
CHEMBL175784,O=C(C(NC(=O)n1nnc2ccccc21)c1ccccc1)N1CCCCC1,4.0,inactive
CHEMBL240383,Cl.N=C(N)c1ccc2nc(/C=C/c3ccccc3Cl)[nH]c2c1,4.0,inactive
CHEMBL1796220,Nc1ccn(C[C@H](O)[C@H]2OC(=O)C(OCc3ccccc3)=C2OCc2ccccc2)c(=O)n1,4.0,inactive
CHEMBL455417,CCN(CC)C(=O)NCCCC(C)Nc1cc(OC)cc2cccnc12,4.0,inactive
CHEMBL375669,c1ccc(CNCCOCCOCCNCc2ccccc2)cc1,4.0,inactive
CHEMBL179050,CC(C)C(NC(=O)n1nnc2ccccc21)C(=O)NC1CCCC1,4.0,inactive
CHEMBL1813348,COc1c(O)c(C(C)C)c(O)c2c1[C@@]1(C)CCCC(C)(C)[C@@H]1CC2=O,4.0,inactive
CHEMBL1172115,Cn1cc(/C=C/C(=O)c2ccc(F)cc2)c2ccccc21,4.0,inactive
CHEMBL1797182,N#Cc1ccc(NC(=O)c2ccc(C(=O)Nc3ccc(C#N)cc3)o2)cc1,4.0,inactive
CHEMBL175994,O=C(NC1CCCC1)C(Cc1ccccc1)NC(=O)n1nnc2ccccc21,4.0,inactive
CHEMBL2261791,Cl.NCCCCn1cnc2c(-n3cccc3)ncnc21,4.0,inactive
CHEMBL472604,Cc1ccc(S(=O)(=O)Nc2cc[nH]c(=O)n2)cc1,4.0,inactive
CHEMBL190911,COC(=O)c1ccc(NC(=O)c2sc3cc(C#N)ccc3c2Cl)cc1,4.0,inactive
CHEMBL2069620,O=C(CN1CCCC1)Nc1cccc(-n2cc(-c3ccc4ccc(-c5cn(-c6cccc(NC(=O)CN7CCCC7)c6)nn5)cc4c3)nn2)c1,4.0,inactive
CHEMBL1172343,O=C(/C=C/c1c[nH]c2ccccc12)c1ccc(O)cc1,4.0,inactive
CHEMBL1806789,N#Cc1ccc(/C=C/c2nc3ncccc3[nH]2)cc1,4.0,inactive
CHEMBL1835801,Cc1c(CC(O)(CO)CO)n(C)c(=O)[nH]c1=O,4.0,inactive
CHEMBL227091,COc1cc(CC(C)(O)c2ccc(F)cc2)nc(OC)n1,4.0,inactive
CHEMBL1835805,CC(=O)OCC(=Cc1c(C)c(=O)[nH]c(=O)n1C)COC(C)=O,4.0,inactive
CHEMBL4227801,Cc1c(-c2ccc(-c3cccnc3Cl)cc2)nc2cnccc2c1C(=O)O,4.0,inactive
CHEMBL474169,CC(C(=O)NCCCO)c1cccc(C(=O)c2ccccc2)c1,4.0,inactive
CHEMBL4226410,O=C(O)c1cc(-c2ccc(N3CCOCC3)cc2)nc2ccccc12,4.0,inactive
CHEMBL228213,O=C1O/C(=C\Cn2cc(-c3ccccc3)c(=O)[nH]c2=O)C(O)=C1O,4.0,inactive
CHEMBL175740,O=C(NO)NC(Cc1ccccc1)C(=O)NC1CCCC1,4.0,inactive
CHEMBL178400,O=C(N(O)c1ccc(Cl)cc1)C12CC3CC(CC(C3)C1)C2,4.0,inactive
CHEMBL1224500,O=C(NC/C=C\Cn1ccc(=O)[nH]c1=O)c1ccccc1,4.0,inactive
CHEMBL4085098,Cc1ccc(C#Cc2sc(C)c(C)c2C(=O)c2ccc(C)cc2)cc1,4.0,inactive
CHEMBL366469,O=C(NCc1ccccc1)C(Cc1ccccc1)NC(=O)n1nnc2ccccc21,4.0,inactive
CHEMBL369228,CCC(C)C(NC(=O)NO)C(=O)NCc1ccccc1,4.0,inactive
CHEMBL4173153,C[C@]12CC[C@H]3[C@@H](CC[C@H]4C[C@@H](OC(=O)Cc5ccc(N(CCCl)CCCl)cc5)CC[C@@]43C)[C@@H]1CCC(=O)N2,4.0,inactive
CHEMBL503034,NCC(=O)Nc1c[nH]c(=O)[nH]c1=O,4.0,inactive
CHEMBL391148,CC(C)NC(=N)c1ccc2[nH]c(-c3cnc[nH]3)nc2c1.Cl,4.0,inactive
CHEMBL394405,c1ncc(-c2nc3cc(C4=NCCN4)ccc3[nH]2)[nH]1,4.0,inactive
CHEMBL179040,CCC(C)C1NC(=O)N(C2CCCCC2)C1=O,4.0,inactive
CHEMBL1835796,COc1nc(CC(O)(COC(C)=O)COC(C)=O)c(C)c(OC)n1,4.0,inactive
CHEMBL3215913,Cl.Cl.N=C(N)c1ccc2nc(-c3cccc(-c4nc5ccc(C(=N)N)cc5s4)c3)sc2c1,4.0,inactive
CHEMBL1784015,O=[N+]([O-])c1ccc2nc(/N=C/c3cccs3)[nH]c2c1,4.0,inactive
CHEMBL2261790,Cl.NC/C=C\Cn1cnc2c(=O)[nH]cnc21,4.0,inactive
CHEMBL1806784,C[n+]1cccc2c1nc1ccc3cc([N+](=O)[O-])ccc3n12.[I-],4.0,inactive
CHEMBL266328,CCCCCCCCC#Cc1cn(C/C=C2\OC(=O)C(OCc3ccccc3)=C2OCc2ccccc2)c(=O)[nH]c1=O,4.0,inactive
CHEMBL1796217,Nc1ncn(CCC2(N)OC(=O)C(OCc3ccccc3)=C2OCc2ccccc2)c(=O)n1,4.0,inactive
CHEMBL2261786,NC/C=C\Cn1cnc2c(N)nc(N)nc21,4.0,inactive
CHEMBL240171,CC(C)NC(=N)c1ccc2nc(/C=C/c3ccccc3)[nH]c2c1.Cl,4.0,inactive
CHEMBL1806780,O=[N+]([O-])c1ccc2c(ccc3nc4ncccc4n32)c1,4.0,inactive
CHEMBL1224503,O=C(NC/C=C\Cn1cc(C(F)(F)F)c(=O)[nH]c1=O)c1ccccc1,4.0,inactive
CHEMBL427457,C=C=Cc1cn(C/C=C2\OC(=O)C(OCc3ccccc3)=C2OCc2ccccc2)c(=O)[nH]c1=O,4.0,inactive
CHEMBL366693,CCC(C)C(NC(=O)NO)C(=O)NC1CCCC1,4.0,inactive
CHEMBL515,O=C(O)CCCc1ccc(N(CCCl)CCCl)cc1,4.0,inactive
CHEMBL389009,O=C1O/C(=C\Cn2cc(-c3cccs3)c(=O)[nH]c2=O)C(O)=C1O,4.0,inactive
CHEMBL4072744,C=C(COC(=O)c1ccccc1)C(=O)OCCCC,4.0,inactive
CHEMBL472603,CSc1cc[nH]c(=O)n1,4.0,inactive
CHEMBL366597,O=C(NC1CCCCC1)C(Cc1ccccc1)NC(=O)n1nnc2ccccc21,4.0,inactive
CHEMBL348000,O=C(O)c1cc(-c2ccccc2)nc2ccccc12,4.0,inactive
CHEMBL1224574,Nc1nc(=O)n(C/C=C\CNC(=O)c2ccc(F)cc2)cc1F,4.0,inactive
CHEMBL367869,O=C(C(Cc1ccccc1)NC(=O)n1nnc2ccccc21)N1CCCC1,4.0,inactive
CHEMBL1796382,NC1(CCn2c(=O)[nH]c(=O)[nH]c2=O)OC(=O)C(OCc2ccccc2)=C1OCc1ccccc1,4.0,inactive
CHEMBL4096017,C=C(COC(=O)CCCc1ccccc1)C(=O)OC,4.0,inactive
CHEMBL4216519,CCCCCC/C=C/CCCCCCCCOC[C@H]1NC[C@H](O)[C@@H]1O,4.0,inactive
CHEMBL468947,CC(C)Cc1ccc(C(C)C(=O)NCCCO)cc1,4.0,inactive
CHEMBL2315762,CC(=O)Nc1ccc(NC(=O)c2cc3ccccc3o2)cc1,4.0,inactive
CHEMBL388690,C#CCCCC#Cc1cn(C/C=C2\OC(=O)C(OCc3ccccc3)=C2OCc2ccccc2)c(=O)[nH]c1=O,4.0,inactive
CHEMBL3741392,COC(=O)/C(=C/c1ccccc1)CBr,4.0,inactive
CHEMBL397609,CC(C)NC(=N)c1ccc2[nH]c(-c3cccn3C)nc2c1.Cl,4.0,inactive
CHEMBL1796383,O=C1O[C@H]([C@@H](O)Cn2c(=O)[nH]c(=O)[nH]c2=O)C(OCc2ccccc2)=C1OCc1ccccc1,4.0,inactive
CHEMBL1835793,Cc1c(C=C(CO)CO)n(C)c(=O)[nH]c1=O,4.0,inactive
CHEMBL315331,O=C1O/C(=C\Cn2cnc3c(-n4cccc4)ncnc32)C(OCc2ccccc2)=C1OCc1ccccc1,4.0,inactive
CHEMBL1784016,CN(C)c1ccc(/C=N/c2nc3ccc(C#N)cc3[nH]2)cc1,4.0,inactive
CHEMBL521837,O=C1c2ccccc2C(=O)N1C/C=C\Cn1cc(C#Cc2ccc(Br)cc2)c(=O)[nH]c1=O,4.0,inactive
CHEMBL36394,Nc1cn(COC(CO)CO)c(=O)[nH]c1=O,4.0,inactive
CHEMBL389920,O=C1O/C(=C\Cn2cc(C#Cc3ccccc3)c(=O)[nH]c2=O)C(OCc2ccccc2)=C1OCc1ccccc1,4.0,inactive
CHEMBL1806791,N#Cc1ccc2ccc3nc4ncccc4n3c2c1,4.0,inactive
CHEMBL390309,O=C1O/C(=C\Cn2cc(/C=C/Br)c(=O)[nH]c2=O)C(OCc2ccccc2)=C1OCc1ccccc1,4.0,inactive
CHEMBL4097381,COc1cc2ncnc(Nc3n[nH]cc3C#N)c2cc1OC,4.0,inactive
CHEMBL4078061,Cc1sc(-c2ccccc2)c(C(=O)c2ccccc2)c1C,4.0,inactive
CHEMBL1224572,Cc1cn(C/C=C\CNC(=O)c2ccc(F)cc2)c(=O)[nH]c1=O,4.0,inactive
CHEMBL4083055,Cc1ccc(C(=O)c2c(C#Cc3ccccc3)sc(C)c2C)cc1,4.0,inactive
CHEMBL4224698,O=C(O)c1cc(-c2ccc(-c3ccc(F)nc3)cc2)nc2ccccc12,4.0,inactive
CHEMBL4287904,O=C1Nc2ccccc2/C1=N/Nc1nc2ccccc2c(=O)n1-c1ccc(Cl)cc1,4.0,inactive
CHEMBL4216135,CC(C)(C)OC(=O)N1CCC[C@H]1COCCCCCCCC/C=C/c1ccc(Oc2ccccc2)cc1,4.0,inactive
CHEMBL175912,CC(C)C1NC(=O)N(C2CCCC2)C1=O,4.0,inactive
CHEMBL4228193,Cc1c(-c2ccc(-c3ccccc3)cc2)nc2ncccc2c1C(=O)O,4.0,inactive
CHEMBL2261784,Cc1cn(C/C=C\CN)c(=O)nc1N,4.0,inactive
CHEMBL175796,CC(C)C(NC(=O)NO)C(=O)NC1CCCCC1,4.0,inactive
CHEMBL360590,O=C(C1CC1)N(O)c1ccc(Cl)cc1,4.0,inactive
CHEMBL4080858,COc1cc2ncnc(Nc3cc(-c4ccccc4)[nH]n3)c2cc1OC,4.0,inactive
CHEMBL388834,CC(O)(Cc1cc(O)nc(O)n1)C(F)(F)F,4.0,inactive
CHEMBL387532,COc1cc(/C=C(\O)C(F)(F)C(F)(F)F)nc(OC)n1,4.0,inactive
CHEMBL227144,COc1cc(CC(O)(c2ccc(F)cc2)c2ccc(F)cc2)nc(OC)n1,4.0,inactive
CHEMBL1797173,N#Cc1ccc(NC(=O)c2ccco2)cc1,4.0,inactive
CHEMBL4080430,COC(=O)/C(=C/c1ccccc1)COC(=O)c1ccccc1,4.0,inactive
CHEMBL494977,O=C1c2ccccc2C(=O)N1C/C=C\Cn1cc(C#CCCc2ccccc2)c(=O)[nH]c1=O,4.0,inactive
CHEMBL4211547,CCCCCCCC/C=C\CCCCCCCCOC[C@@H]1CCCN1C(=O)OC(C)(C)C,4.0,inactive
CHEMBL465176,O=c1[nH]c(=O)n(COC(CO)CO)cc1O,4.0,inactive
CHEMBL175669,CCC(C)C(NC(=O)n1nnc2ccccc21)C(=O)NCc1ccccc1,4.0,inactive
CHEMBL1164573,Cc1ccc2cc(C#N)c3nc4ccccc4n3c2c1,4.0,inactive
CHEMBL4214088,CCCCCCCC/C=C/CCCCCCCCOC[C@@H]1CCCN1C(=O)OC(C)(C)C,4.0,inactive
CHEMBL4078776,C=CCOC(=O)c1ccccc1,4.0,inactive
CHEMBL4103976,Cc1ccc(C#Cc2sc3c(c2C(=O)c2ccccc2)CCCC3)cc1,4.0,inactive
CHEMBL2036517,COC(=O)c1ncn(C[C@H](O)[C@H]2OC(=O)C(OCc3ccccc3)=C2OCc2ccccc2)n1,4.0,inactive
CHEMBL240593,Cl.N=C(N)c1ccc2nc(/C=C\c3ccccc3)[nH]c2c1,4.0,inactive
CHEMBL1806778,Clc1cccnc1/C=C/c1nc2ncccc2[nH]1,4.0,inactive
CHEMBL369400,O=C(NO)NC(C(=O)N1CCCCC1)c1ccccc1,4.0,inactive
CHEMBL4226956,Cc1ccc(-c2ccc(-c3nc4cnccc4c(C(=O)O)c3C)cc2)c(Cl)n1,4.0,inactive
CHEMBL1796379,NC1(CCn2ncc(=O)[nH]c2=O)OC(=O)C(OCc2ccccc2)=C1OCc1ccccc1,4.0,inactive
CHEMBL1835797,COc1nc(CC(F)(COC(C)=O)COC(C)=O)c(C)c(OC)n1,4.0,inactive
CHEMBL4088392,Cc1ccc(C(=O)c2c(-c3ccccc3)sc(C)c2C)cc1,4.0,inactive
CHEMBL1796214,Nc1ncn(C/C=C2\OC(=O)C(O)=C2O)c(=O)n1,4.0,inactive
CHEMBL499820,O=c1nc(NO)cc[nH]1,4.0,inactive
CHEMBL1796222,NC1(CCn2ccc(=O)[nH]c2=O)OC(=O)C(OCc2ccccc2)=C1OCc1ccccc1,4.0,inactive
CHEMBL38107,O=c1ccn(COC(CO)CO)c(=O)[nH]1,4.0,inactive
CHEMBL177805,O=C(NC1CCCCC1)C(NC(=O)n1nnc2ccccc21)c1ccccc1,4.0,inactive
CHEMBL4225229,O=C(O)c1cc(-c2ccc(-n3ccnc3)cc2)nc2ccccc12,4.0,inactive
CHEMBL2261783,NC/C=C\Cn1ccc(N)nc1=O,4.0,inactive
CHEMBL4081787,COc1ccc(-c2cc(Nc3ncnc4cc(OC)c(OC)cc34)n[nH]2)cc1,4.0,inactive
CHEMBL175439,O=C1NC(c2ccccc2)C(=O)N1C1CCCC1,4.0,inactive
CHEMBL496707,CCCCCCCCC#Cc1cn(C/C=C/CN2C(=O)c3ccccc3C2=O)c(=O)[nH]c1=O,4.0,inactive
CHEMBL37731,O=c1[nH]c(=O)n(COC(CO)CO)cc1I,4.0,inactive
CHEMBL368499,CC(C)C1NC(=O)N(C2CCCCC2)C1=O,4.0,inactive
CHEMBL2315752,Cl.O=C(Nc1ccc(C2=NCCN2)cn1)c1cc2ccccc2o1,4.0,inactive
CHEMBL1835802,COc1nc(=O)n(C)c(CC(O)(COC(C)=O)COC(C)=O)c1C,4.0,inactive
CHEMBL1224501,O=C(NC/C=C\Cn1cc(F)c(=O)[nH]c1=O)c1ccccc1,4.0,inactive
CHEMBL521528,Cc1ccc(C#Cc2cn(C/C=C\CN3C(=O)c4ccccc4C3=O)c(=O)[nH]c2=O)cc1,4.0,inactive
CHEMBL1797174,Cl.N=C(N)c1ccc(NC(=O)c2ccco2)cc1,4.0,inactive
CHEMBL2315756,N#Cc1ccc2nc(NC(=O)c3cc4ccccc4o3)[nH]c2c1,4.0,inactive
CHEMBL1224571,O=C(NC/C=C\Cn1ccc(=O)[nH]c1=O)c1ccc(F)cc1,4.0,inactive
CHEMBL369425,CCC(C)C1NC(=O)N(C2CCCC2)C1=O,4.0,inactive
CHEMBL1796218,O=C1O[C@H]([C@@H](O)Cn2ccc(NC(=O)c3ccccc3)nc2=O)C(OCc2ccccc2)=C1OCc1ccccc1,4.0,inactive
CHEMBL2315760,CN(C)c1ccc(NC(=O)c2cc3ccccc3o2)cc1,4.0,inactive
CHEMBL233523,Cl.N=C(N)c1ccc2[nH]c(-c3ccccn3)nc2c1,4.0,inactive
CHEMBL175898,O=C(NO)NC(Cc1ccccc1)C(=O)NCc1ccccc1,4.0,inactive
CHEMBL1796224,Cc1cn(CCC2(N)OC(=O)C(OCc3ccccc3)=C2OCc2ccccc2)c(=O)[nH]c1=O,4.0,inactive
CHEMBL2261787,Cl.NC/C=C\Cn1cnc2c(N)ncnc21,4.0,inactive
CHEMBL1796381,O=C1O/C(=C\Cn2c(=O)[nH]c(=O)[nH]c2=O)C(O)=C1O,4.0,inactive
CHEMBL1224575,Nc1ncnc2c1ncn2C/C=C\CNC(=O)c1ccccc1,4.0,inactive
CHEMBL2315753,N#Cc1ccc2nc(NC(=O)c3cc4ccccc4o3)sc2c1,4.0,inactive
CHEMBL1784010,Cn1cccc1/C=N/c1nc2ccccc2[nH]1,4.0,inactive
CHEMBL1834027,Clc1ccc(Cn2cc(-c3nsc(-c4cn(Cc5ccc(Cl)cc5)c5ccccc45)n3)c3ccccc32)cc1,3.9974020192800914,inactive
CHEMBL26915,COc1ccc(-n2nc(C(F)(F)F)cc2-c2ccc(Cl)cc2)cc1,3.9913998282380825,inactive
CHEMBL1834036,c1ccc2[nH]c(-c3nsc(-c4cc5ccccc5[nH]4)n3)cc2c1,3.99012436628784,inactive
CHEMBL1086616,COc1ccc(-c2nc(-c3c[nH]c4ccccc34)co2)cc1OC,3.9871627752948275,inactive
CHEMBL1087021,c1ccc2c(-c3cocn3)c[nH]c2c1,3.9871627752948275,inactive
CHEMBL1088169,Oc1ccc(-c2nc(-c3c[nH]c4ccccc34)co2)cc1,3.9871627752948275,inactive
CHEMBL1087018,c1ccc(Cc2nc(-c3c[nH]c4ccccc34)co2)cc1,3.9871627752948275,inactive
CHEMBL1088454,COc1cc(-c2nc(-c3c[nH]c4ccccc34)co2)ccc1O,3.9871627752948275,inactive
CHEMBL521851,CS(=O)(=O)N1CCN(Cc2cc3nc(-c4cccc5[nH]ncc45)nc(N4CCOCC4)c3s2)CC1,3.9808355450176456,inactive
CHEMBL240954,CC(=O)O[C@H]1[C@H](C)O[C@@H](Oc2c(-c3ccc(O)cc3)oc3cc(O)cc(O)c3c2=O)[C@H](O)[C@@H]1OC(C)=O,3.980439875508943,inactive
CHEMBL1798013,CCCCOc1cc(-c2noc(C3CCN(C(=O)OC(C)(C)C)CC3)n2)ccc1OC,3.977159389123472,inactive
CHEMBL1798015,COc1cc(-c2noc(C3CCN(C(=O)OC(C)(C)C)CC3)n2)cc(OC)c1OC,3.975514332300833,inactive
CHEMBL571058,Cc1cc2oc(=O)c(Cc3c(O)c4cc(C)c(C)cc4oc3=O)c(O)c2cc1C,3.9746941347352296,inactive
CHEMBL1795418,CCOc1cc(-c2noc(C3CCNCC3)n2)ccc1OC,3.9488474775526186,inactive
CHEMBL1076746,c1ccc(-c2nc(-c3c[nH]c4ccccc34)co2)cc1,3.9484616094846725,inactive
CHEMBL191334,COc1ccc(C2=N[C@@H](c3ccc(Cl)cc3)[C@@H](c3ccc(Cl)cc3)N2C(=O)N2CCNC(=O)C2)c(OC(C)C)c1,3.945022314170917,inactive
CHEMBL373469,COc1ccc(C2=C(c3cc(OC)c(OC)c(OC)c3)C(=O)CC2O[SiH2]C(C)(C)C)cc1O,3.93414021717763,inactive
CHEMBL569640,Cc1ccc2c(O)c(Cc3c(O)c4ccc(C)c(C)c4oc3=O)c(=O)oc2c1C,3.9244530386074694,inactive
CHEMBL443684,CC1(C)CCC(c2ccc(Cl)cc2)=C(CN2CCN(c3ccc(C(=O)NS(=O)(=O)c4ccc(N[C@H](CCN5CCOCC5)CSc5ccccc5)c(S(=O)(=O)C(F)(F)F)c4)cc3)CC2)C1,3.910331731894222,inactive
CHEMBL1173055,CNCc1ccc(-c2[nH]c3cc(F)cc4c3c2CCNC4=O)cc1,3.909075317719798,inactive
CHEMBL1834028,Brc1ccc2[nH]cc(-c3nsc(-c4c[nH]c5ccc(Br)cc45)n3)c2c1,3.905528871358355,inactive
CHEMBL1254152,CN(C)c1ccc(-c2nnc(-c3c[nH]c4ccc(Br)cc34)s2)cc1,3.8843894883257004,inactive
CHEMBL4227251,C(=C(\c1ccccc1)c1cccc[n+]1C1CCC([n+]2ccccc2Cc2ccccc2)CC1)\c1cc2c3c(c1)CCCN3CCC2.[Br-].[Br-],3.879008876906962,inactive
CHEMBL571059,O=c1oc2c3c(ccc2c(O)c1Cc1cccc2ccccc12)CCCC3,3.8728952016351923,inactive
CHEMBL92309,COC(=O)CNC(=O)C(=O)OC,3.8565751881519983,inactive
CHEMBL391213,O=C1OC2C=CC=CC2=C2Oc3c(c(=O)oc4ccccc34)C(c3c(O)c4ccccc4oc3=O)C12,3.853871964321762,inactive
CHEMBL1795423,COc1ccc(-c2noc(C3CCN(S(C)(=O)=O)CC3)n2)cc1OC1CCCC1,3.8401321529074335,inactive
CHEMBL555438,Cc1nnc(-c2c[nH]c3ccccc23)o1,3.838631997765025,inactive
CHEMBL18797,CSc1ccc(/C=C2/C(C)=C(CC(=O)O)c3cc(F)ccc32)cc1,3.835647144215563,inactive
CHEMBL1795417,COc1ccc(-c2noc(C3CCNCC3)n2)cc1OC,3.832682665251824,inactive
CHEMBL4290203,CC(C)[C@@H]1NC(=O)C2=CC3=C4CCCC4=C4C=C(S[C@]4(C)[C@@]3(C)S2)C(=O)[C@H]2CCCN2C(=O)[C@H](C(C)C)NC(=O)[C@H](CCCN)NC(=O)[C@H]([C@H](O)C(C)C)NC(=O)[C@@H]2CCCN2C(=O)[C@@H](Cc2ccccc2)NC(=O)[C@H](C(C)C)NC(=O)[C@H](CCCN)NC1=O,3.8239087409443187,inactive
CHEMBL595935,CON(C)c1nc(N(C)O)nc(N2CCOCC2)n1,3.8239087409443187,inactive
CHEMBL609854,CN(O)c1nc(NN)nc(N2CCOCC2)n1,3.8239087409443187,inactive
CHEMBL4286509,O=C(O)c1cccc(NC(=S)NNc2nc3ccccc3c(=O)n2-c2cccc(Br)c2)c1,3.8239087409443187,inactive
CHEMBL32926,O=c1oc2ccccc2c(O)c1C1c2ccccc2Oc2c1c(=O)oc1ccccc21,3.8239087409443187,inactive
CHEMBL569641,O=c1oc2c3c(ccc2c(O)c1Cc1ccc2ccccc2c1)CCCC3,3.8181564120552274,inactive
CHEMBL189584,CCN(CC)CCCCNc1ncc2cc(-c3cc(OC)cc(OC)c3)c(NC(=O)NC(C)(C)C)nc2n1,3.7990376882097285,inactive
CHEMBL570349,Cc1cc2oc(=O)c(Cc3ccc4ccccc4c3)c(O)c2cc1C,3.7904849854573692,inactive
CHEMBL223783,COc1ccc(C2=C(c3cc(OC)c(OC)c(OC)c3)C(=O)C(O)C2)cc1F,3.7830880654788355,inactive
CHEMBL2134202,CCc1cncnc1N1CCN(Cc2nc3cc(C(F)(F)F)ccc3[nH]2)CC1,3.769307201343808,inactive
CHEMBL1834031,COc1ccc2c(c1)c(-c1nsc(-c3cn(C)c4ccc(OC)cc34)n1)cn2C,3.752026733638193,inactive
CHEMBL4289939,O=C(O)c1cccc(NC(=S)NNc2nc3ccccc3c(=O)n2-c2ccccc2)c1,3.744727494896694,inactive
CHEMBL1834026,Cn1cc(-c2nsc(-c3cn(C)c4ccccc34)n2)c2ccccc21,3.7323590176540846,inactive
CHEMBL1834033,O=[N+]([O-])c1ccc2[nH]cc(-c3nsc(-c4c[nH]c5ccc([N+](=O)[O-])cc45)n3)c2c1,3.7274622226247627,inactive
CHEMBL569169,Cc1cc2oc(=O)c(Cc3cccc4ccccc34)c(O)c2cc1C,3.72584215073632,inactive
CHEMBL1253966,CN(C)c1ccc(-c2nnc(-c3c[nH]c4ccccc34)s2)cc1,3.725611204449621,inactive
CHEMBL312727,O=c1c(Cc2c(O)oc3cc(O)ccc3c2=O)c(O)oc2cc(O)ccc12,3.721246399047171,inactive
CHEMBL591429,C=CCc1cccc(/C=N/NC(=O)CN2CCN(Cc3ccccc3)CC2)c1O,3.718490829426095,inactive
CHEMBL1090771,NC(=O)[C@@H](CCC(F)(F)F)N(Cc1ccc(-c2ncon2)cc1F)S(=O)(=O)c1ccc(Cl)cc1,3.715873333591532,inactive
CHEMBL374082,COc1ccc(C2=C(c3cc(OC)c(OC)c(OC)c3)C(=O)C(O[SiH2]C(C)(C)C)C2)cc1OC(C)C,3.711545730350405,inactive
CHEMBL375356,COC(=O)c1cc(C2=C(c3cc(OC)c(OC)c(OC)c3)C(=O)CC2O[SiH2]C(C)(C)C)ccc1OC,3.7115119771118548,inactive
CHEMBL374003,COc1ccc(C2=C(c3cc(OC)c(OC)c(OC)c3)CC(O[SiH2]C(C)(C)C)C2=O)cc1[N+](=O)[O-],3.7003661859198065,inactive
CHEMBL4294388,O=C(O)c1cccc(NC(=S)NNc2nc3ccccc3c(=O)n2-c2ccc(Br)cc2)c1,3.6989700043360187,inactive
CHEMBL488025,CC1=C(CC(=O)O)c2cc(F)ccc2/C1=C\c1ccc(S(C)(=O)=O)cc1,3.6989700043360187,inactive
CHEMBL229439,COc1cc(/C=C(/O)C(F)(F)F)nc(OC)n1,3.6989700043360187,inactive
CHEMBL229969,CC(O)(CF)Cc1cc(O)nc(O)n1,3.6989700043360187,inactive
CHEMBL229385,COc1cc(CC(C)(O)C(F)(F)F)nc(OC)n1,3.6989700043360187,inactive
CHEMBL4279570,O=C1Nc2ccccc2/C1=N/Nc1nc2ccccc2c(=O)n1-c1cccc(Br)c1,3.6989700043360187,inactive
CHEMBL229384,CC(=O)OC(C)(CF)Cc1cc(O)nc(O)n1,3.6989700043360187,inactive
CHEMBL15770,CC1=C(CC(=O)O)c2cc(F)ccc2/C1=C\c1ccc([S+](C)[O-])cc1,3.6989700043360187,inactive
CHEMBL226752,COc1cc(CC(C)(O)CF)nc(OC)n1,3.6989700043360187,inactive
CHEMBL227093,COc1cc(CC(C)(O)Cc2ccccc2F)nc(OC)n1,3.6989700043360187,inactive
CHEMBL321217,CC1(C)OC(=O)C(c2cccc(F)c2)=C1c1ccc(S(C)(=O)=O)cc1,3.6989700043360187,inactive
CHEMBL373729,CC(=O)OC(C)(Cc1cc(O)nc(O)n1)Cc1ccccc1F,3.6989700043360187,inactive
CHEMBL521686,O=C(c1cc(Cc2n[nH]c(=O)c3ccccc23)ccc1F)N1CCN(C(=O)C2CC2)CC1,3.693512374215597,inactive
CHEMBL222437,COc1ccc(C2=C(c3cc(OC)c(OC)c(OC)c3)C(=O)C(O)C2)cc1NC(=O)c1ccccc1,3.6897704401885925,inactive
CHEMBL376059,COc1ccc(C2=C(c3cc(OC)c(OC)c(OC)c3)C(=O)CC2O[SiH2]C(C)(C)C)cc1OC,3.687207803454867,inactive
CHEMBL436304,COc1ccc(OC)c(C2=C(c3cc(OC)c(OC)c(OC)c3)C(=O)CC2O[SiH2]C(C)(C)C)c1,3.687207803454867,inactive
CHEMBL221938,COc1ccc(C2=C(c3cc(OC)c(OC)c(OC)c3)C(=O)C(OC(C)=O)C2)cc1OC(C)C,3.6725780883478314,inactive
CHEMBL376204,COc1ccc(C2=C(c3cc(OC)c(OC)c(OC)c3)C(=O)CC2O[SiH2]C(C)(C)C)cc1,3.6595454185367444,inactive
CHEMBL375249,COc1cc(C2=C(c3cc(C)c(OC)c(C)c3)C(OC(C)=O)C/C2=N/O)cc(OC)c1OC,3.658497915660603,inactive
CHEMBL221452,COc1ccc(C2=C(c3cc(OC)c(OC)c(OC)c3)/C(=N\O)C(O)C2)cc1OC(C)C,3.6556675484752503,inactive
CHEMBL576081,O=c1oc2c3c(ccc2c(O)c1Cc1ccccc1)CCCC3,3.653647025549361,inactive
CHEMBL376422,CCOC(=O)COc1ccc(C2=C(c3cc(OC)c(OC)c(OC)c3)C(=O)CC2O)cc1,3.6458740150011013,inactive
CHEMBL373660,C=CCOc1cc(C2=C(c3cc(OC)c(OC)c(OC)c3)/C(=N\O)C(O)C2)ccc1OC,3.644911033878752,inactive
CHEMBL224903,COc1cc(C2=C(c3cc(C)c(OC)c(C)c3)C(OC(C)=O)CC2=O)cc(OC)c1OC,3.6439360535105743,inactive
CHEMBL376423,COc1cc(C2=C(c3ccc(OCC(=O)[O-])cc3)C(O)CC2=O)cc(OC)c1OC.[Na+],3.639874790049717,inactive
CHEMBL222389,COc1ccc(C2=C(c3cc(OC)c(OC)c(OC)c3)C(=O)CC2C)cc1C(=O)[O-].[Na+],3.637909811262404,inactive
CHEMBL1076804,c1ccc2c(-c3coc(C4CCNCC4)n3)c[nH]c2c1,3.637894680706227,inactive
CHEMBL1254059,c1ccc2c(-c3nnc(-c4ccc5c(c4)OCO5)s3)c[nH]c2c1,3.6362000545208906,inactive
CHEMBL374285,COc1ccc(C2=C(c3cc(OC)c(OC)c(OC)c3)/C(=N\O)C(O)C2)cc1F,3.6326188059959144,inactive
CHEMBL222360,COc1ccc(C2=C(c3cc(OC)c(OC)c(OC)c3)C(=O)C(O)C2)cc1OC(C)C,3.631930555331915,inactive
CHEMBL222357,COc1cc(C2=C(c3ccccc3)C(O[SiH2]C(C)(C)C)CC2=O)cc(OC)c1OC,3.6300106706264863,inactive
CHEMBL223835,C=CCOc1cc(C2=C(c3cc(OC)c(OC)c(OC)c3)C(=O)C(O)C2)ccc1OC,3.6298884861654352,inactive
CHEMBL848,Nc1cccc2c1CN(C1CCC(=O)NC1=O)C2=O,3.6256929527286803,inactive
CHEMBL222390,COc1ccc(C2=C(c3cc(OC)c(OC)c(OC)c3)CC(O)C2=O)cc1[N+](=O)[O-],3.6184664921990803,inactive
CHEMBL1761341,COc1cc(-c2nnc(Nc3ccc([N+](=O)[O-])cc3)s2)cc(OC)c1OC,3.6151092034694456,inactive
CHEMBL373656,COc1ccc(C2=C(c3cc(OC)c(OC)c(OC)c3)C(=O)C(O)C2)cc1Cl,3.6072941436121977,inactive
CHEMBL389717,COc1ccc(C2=C(c3cc(OC)c(OC)c(OC)c3)/C(=N\O)C(O)C2)cc1O,3.603599006600035,inactive
CHEMBL221451,COc1ccc(C2=C(c3cc(OC)c(OC)c(OC)c3)/C(=N\O)CC2O)cc1O,3.603599006600035,inactive
CHEMBL375382,COc1ccc(OC)c(C2=C(c3cc(OC)c(OC)c(OC)c3)C(=O)CC2O)c1,3.602526607134924,inactive
CHEMBL593598,ONc1nc(NO)nc(N2CCOCC2)n1,3.6020599913279625,inactive
CHEMBL14227,CCCC(=O)O,3.6020599913279625,inactive
CHEMBL4287572,CCOc1ccc(-n2c(NNC(=S)Nc3ccc(Cl)cc3)nc3ccccc3c2=O)cc1,3.6020599913279625,inactive
CHEMBL376082,COc1cc(C2=C(c3cc(C)c(OC)c(C)c3)C(O)CC2=O)cc(OC)c1OC,3.6003847306224874,inactive
CHEMBL221555,COc1ccc(C2=C(c3cc(OC)c(OC)c(OC)c3)C(=O)CC2O)cc1O,3.5870371177434555,inactive
CHEMBL225115,COc1ccc(C2=C(c3cc(OC)c(OC)c(OC)c3)CC(O)C2=O)cc1N,3.585934247071568,inactive
CHEMBL222336,COc1ccc(C2=C(c3cc(OC)c(OC)c(OC)c3)/C(=N\O)CC2O)cc1,3.585934247071568,inactive
CHEMBL1834037,Cn1c(-c2nsc(-c3cc4ccccc4n3C)n2)cc2ccccc21,3.5846927077744324,inactive
CHEMBL573693,Cc1cc2oc(=O)c(Cc3ccccc3)c(O)c2cc1C,3.5734887386354246,inactive
CHEMBL221828,COc1ccc(C2=C(c3cc(OC)c(OC)c(OC)c3)C(=O)CC2O)cc1,3.5686709780098966,inactive
CHEMBL103667,Cc1ccc(-n2nc(C(C)(C)C)cc2NC(=O)Nc2ccc(OCCN3CCOCC3)c3ccccc23)cc1,3.5641503964047465,inactive
CHEMBL4286087,CCOc1ccc(-n2c(NNC(=S)Nc3cccc(C(=O)O)c3)nc3ccccc3c2=O)cc1,3.5528419686577806,inactive
CHEMBL583323,COc1ccc2oc(=O)c(Cc3c(O)c4cc(OC)ccc4oc3=O)c(O)c2c1,3.5228787452803374,inactive
CHEMBL149829,Nc1ccn([C@H]2C[C@H](NO)[C@@H](CO)O2)c(=O)n1,3.5228787452803374,inactive
CHEMBL569627,COc1ccc2c(O)c(Cc3c(O)c4ccc(OC)cc4oc3=O)c(=O)oc2c1,3.518557371497695,inactive
CHEMBL222102,O=c1cc(-c2cccc3c2Sc2ccccc2S3)oc(N2CCOCC2)c1,3.5015472690637703,inactive
CHEMBL1088315,COc1cc(-c2nc(-c3cn(C)c4ccccc34)co2)ccc1OCc1ccccc1,3.4982562703720053,inactive
CHEMBL1087019,Clc1ccc(-c2nc(-c3c[nH]c4ccccc34)co2)cc1,3.487449007095789,inactive
CHEMBL1795424,COc1ccc(-c2nnc(C3CCNCC3)o2)cc1OC1CCCC1,3.47977856411804,inactive
CHEMBL571496,COc1cccc2oc(=O)c(Cc3c(O)c4c(OC)cccc4oc3=O)c(O)c12,3.4559319556497243,inactive
CHEMBL549484,COc1ccc(-c2noc(-c3ccc(F)cc3)n2)cc1O,3.4550642341184976,inactive
CHEMBL506871,C[C@]1(c2nc3cccc(C(N)=O)c3[nH]2)CCCN1,3.4358628425849846,inactive
CHEMBL225525,O/N=C1/CC(O)C(c2ccccc2)=C1c1ccccc1,3.423753619612828,inactive
CHEMBL570332,COc1cc2oc(=O)c(Cc3c(O)c4cc(OC)c(OC)cc4oc3=O)c(O)c2cc1OC,3.3979400086720375,inactive
CHEMBL571272,Cc1ccc(Cc2c(O)c3cc(C)c(C)cc3oc2=O)cc1C,3.3979400086720375,inactive
CHEMBL1795413,COc1ccc(-c2nc(-c3ccc(OC)c(OC4CCCC4)c3)no2)cc1OC,3.394048842435127,inactive
CHEMBL1795412,COc1ccc(-c2nc(-c3ccc(OC)c(OC4CCCC4)c3)no2)cc1,3.3763372926437953,inactive
CHEMBL210618,CCOc1nc(NC(=O)Cc2cc(OC)ccc2OC)cc(N)c1C#N,3.3522568127083767,inactive
CHEMBL1761335,COc1cc(-c2nnc(Nc3ccc(C)cc3)s2)ccc1O,3.347173697438995,inactive
CHEMBL1253686,c1ccc2c(-c3nnc(-c4ccncc4)s3)c[nH]c2c1,3.345534666479854,inactive
CHEMBL560774,c1ccc(-c2noc(-c3ccncc3)n2)cc1,3.3036436112666676,inactive
CHEMBL473417,CS(=O)(=O)c1ccc(C(=O)Nc2ccc(Cl)c(-c3ccccn3)c2)c(Cl)c1,3.2724404362996315,inactive
CHEMBL472004,O=S(=O)(O)c1ccc2cc(/N=N/c3cc(S(=O)(=O)O)c4cccnc4c3O)ccc2c1,3.2654409066466337,inactive
CHEMBL228043,C/C(O)=C(\C#N)C(=O)Nc1cc(Br)ccc1Br,3.22130182518975,inactive
CHEMBL255342,O=C1/C(=C/c2cccs2)CC/C1=C\c1cccs1,3.1624488382030917,inactive
CHEMBL1086615,Cc1nc(-c2c[nH]c3ccccc23)co1,3.1620960554070576,inactive
CHEMBL1088181,Cn1cc(-c2coc(C3CCNCC3)n2)c2ccccc21,3.1198154471735666,inactive
CHEMBL1088170,C(=C/c1nc(-c2c[nH]c3ccccc23)co1)\c1ccccc1,3.0592345643687824,inactive
CHEMBL563329,c1ccc(Cc2nnc(-c3c[nH]c4ccccc34)o2)cc1,3.0295136511523495,inactive
CHEMBL563194,COc1cc(-c2noc(-c3ccncc3)n2)ccc1OCc1ccccc1,3.0,inactive
CHEMBL1795415,COc1ccc(-c2nc(-c3cc(OC)c(OC)c(OC)c3)no2)cc1OC,3.0,inactive
CHEMBL563966,COc1ccc(-c2nnc(-c3c[nH]c4ccccc34)o2)cc1OC,3.0,inactive
CHEMBL1795416,COc1cc(-c2noc(-c3cc(OC)c(OC)c(OC)c3)n2)cc(OC)c1OC,3.0,inactive
CHEMBL551946,COc1ccc(-c2nnc(-c3c[nH]c4ccccc34)o2)cc1,3.0,inactive
CHEMBL561249,COc1ccc(-c2noc(-c3cccnc3)n2)cc1OC1CCCC1,3.0,inactive
CHEMBL560848,COc1ccc(-c2noc(-c3ccccc3)n2)cc1OC1CCCC1,3.0,inactive
CHEMBL549863,COc1cc(-c2nnc(-c3c[nH]c4ccccc34)o2)ccc1OCc1ccccc1,3.0,inactive
CHEMBL556310,COc1ccc(-c2nnc(-c3c[nH]c4ccccc34)o2)c(OC)c1OC,3.0,inactive
CHEMBL1834025,c1ccc2c(-c3nsc(-c4c[nH]c5ccccc45)n3)c[nH]c2c1,3.0,inactive
CHEMBL1254245,COc1cc(-c2nnc(-c3c[nH]c4ccc(Br)cc34)s2)cc(OC)c1OC,3.0,inactive
CHEMBL1253685,c1cncc(-c2nnc(-c3c[nH]c4ccccc34)s2)c1,3.0,inactive
CHEMBL1761337,COc1cc(-c2nnc(Nc3ccc([N+](=O)[O-])cc3)s2)ccc1O,3.0,inactive
CHEMBL1834029,Cn1cc(-c2nsc(-c3cn(C)c4ccc(Br)cc34)n2)c2cc(Br)ccc21,3.0,inactive
CHEMBL552351,COc1cc(-c2nnc(-c3c[nH]c4ccccc34)o2)ccc1O,3.0,inactive
CHEMBL551945,c1ccc(-c2nnc(-c3c[nH]c4ccccc34)o2)cc1,3.0,inactive
CHEMBL556722,FC(F)(F)c1nnc(-c2c[nH]c3ccccc23)o1,3.0,inactive
CHEMBL538388,Fc1ccc(-c2nc(-c3ccccc3)no2)cc1,3.0,inactive
CHEMBL1761338,COc1ccc(Nc2nnc(-c3ccc(O)c(OC)c3)s2)cc1,3.0,inactive
CHEMBL1253965,Clc1ccc(-c2nnc(-c3c[nH]c4ccccc34)s2)cc1,3.0,inactive
CHEMBL27246,O=C(O)/C=C/c1ccccc1,2.876148359032914,inactive
CHEMBL2311596,COc1ccc2c(c1)c(CC(=O)NCCC[Si](C)(C)C)c(C)n2C(=O)c1ccc(Cl)cc1,2.318758762624413,inactive
CHEMBL2311594,COc1ccc2c(c1)c(CC(=O)NC[Si](C)(C)c1ccccc1)c(C)n2C(=O)c1ccc(Cl)cc1,2.318758762624413,inactive
CHEMBL2311595,COc1ccc2c(c1)c(CC(=O)NC[Si](C)(C)C)c(C)n2C(=O)c1ccc(Cl)cc1,2.318758762624413,inactive
CHEMBL25,CC(=O)Oc1ccccc1C(=O)O,2.3010299956639813,inactive
CHEMBL549659,Clc1ccc(-c2nnc(-c3c[nH]c4ccccc34)o2)cc1,2.1898347154568505,inactive
CHEMBL483849,NC(=O)c1ncn([C@@H]2O[C@H](COP(=O)(O)O)[C@@H](O)[C@H]2O)c1N,2.036870460337777,inactive
CHEMBL1256289,NC(=O)C(=O)[O-].[Na+],1.723538195826756,inactive
CHEMBL1431,CN(C)C(=N)NC(=N)N,1.65241257295786,inactive
CHEMBL6,COc1ccc2c(c1)c(CC(=O)O)c(C)n2C(=O)c1ccc(Cl)cc1,1.0,inactive
